Bloco,Estado,Tipo_variavel,Variavel,Coeficiente,p_valor,Significativo_5pct,Metodo,n_pares,Shapiro_CO2_n,Shapiro_CO2_W,Shapiro_CO2_p,Shapiro_CO2_Normal_5pct,Shapiro_Var_n,Shapiro_Var_W,Shapiro_Var_p,Shapiro_Var_Normal_5pct,Status
Desmatamento/uso da terra,AC,Causas,area_colhida,-0.5503759398496241,0.011919637001913333,Sim,Spearman,20,20,0.7808079304775649,0.00045320479743731705,Não,20,0.8845914837061435,0.021418235497889963,Não,OK
Desmatamento/uso da terra,AC,Causas,area_destinada_colheita,-0.5082706766917292,0.022124780463792442,Sim,Spearman,20,20,0.7808079304775649,0.00045320479743731705,Não,20,0.9272913185707281,0.13693683171089643,Sim,OK
Desmatamento/uso da terra,AC,Causas,consumo_energia_industrial,0.15789473684210525,0.5061465835201626,Não,Spearman,20,20,0.7808079304775649,0.00045320479743731705,Não,20,0.9621439870546863,0.5875157790068137,Sim,OK
Desmatamento/uso da terra,AC,Causas,desmat_area,0.9578947368421054,3.389666746806415e-11,Sim,Spearman,20,20,0.7808079304775649,0.00045320479743731705,Não,20,0.781725317704973,0.00046711352426663126,Não,OK
Desmatamento/uso da terra,AC,Causas,frota,0.42255639097744363,0.06344083999820867,Não,Spearman,20,20,0.7808079304775649,0.00045320479743731705,Não,20,0.9425867349758748,0.26822345417555415,Sim,OK
Desmatamento/uso da terra,AC,Causas,frp_anual_queimadas,0.6962406015037594,0.00064992440549734,Sim,Spearman,20,20,0.7808079304775649,0.00045320479743731705,Não,20,0.8087079036077314,0.0011684702025653467,Não,OK
Desmatamento/uso da terra,AC,Causas,rebanho,0.45563909774436084,0.04349340980546598,Sim,Spearman,20,20,0.7808079304775649,0.00045320479743731705,Não,20,0.8657494549915487,0.009901015487705585,Não,OK
Desmatamento/uso da terra,AC,Causas,venda_comb,0.17593984962406017,0.4580986587024854,Não,Spearman,20,20,0.7808079304775649,0.00045320479743731705,Não,20,0.8589990345955117,0.007571357835301295,Não,OK
Desmatamento/uso da terra,AM,Causas,area_colhida,-0.7398496240601502,0.00019241032720557428,Sim,Spearman,20,20,0.8039609958609255,0.0009904132007865244,Não,20,0.8673839046259751,0.010572327139327016,Não,OK
Desmatamento/uso da terra,AM,Causas,area_destinada_colheita,-0.7969924812030074,2.5917474294045434e-05,Sim,Spearman,20,20,0.8039609958609255,0.0009904132007865244,Não,20,0.8302116624370253,0.0025286062489913736,Não,OK
Desmatamento/uso da terra,AM,Causas,consumo_energia_industrial,0.14736842105263157,0.5352473458918692,Não,Spearman,20,20,0.8039609958609255,0.0009904132007865244,Não,20,0.9819025536936229,0.9562289381528676,Sim,OK
Desmatamento/uso da terra,AM,Causas,desmat_area,0.9924812030075187,7.097515845390696e-18,Sim,Spearman,20,20,0.8039609958609255,0.0009904132007865244,Não,20,0.8284879534541402,0.0023734666336853263,Não,OK
Desmatamento/uso da terra,AM,Causas,frota,0.7112781954887217,0.00043769852641295997,Sim,Spearman,20,20,0.8039609958609255,0.0009904132007865244,Não,20,0.9540906082817141,0.43346607261618475,Sim,OK
Desmatamento/uso da terra,AM,Causas,frp_anual_queimadas,0.8736842105263156,4.872962880719225e-07,Sim,Spearman,20,20,0.8039609958609255,0.0009904132007865244,Não,20,0.9468604141792328,0.3219320663768609,Sim,OK
Desmatamento/uso da terra,AM,Causas,rebanho,0.29624060150375936,0.2047182974286216,Não,Spearman,20,20,0.8039609958609255,0.0009904132007865244,Não,20,0.6920101404487393,3.120318960257983e-05,Não,OK
Desmatamento/uso da terra,AM,Causas,venda_comb,-0.6541353383458646,0.001755195412843212,Sim,Spearman,20,20,0.8039609958609255,0.0009904132007865244,Não,20,0.9259176460847269,0.1288371005256037,Sim,OK
Desmatamento/uso da terra,AP,Causas,area_colhida,0.18796992481203004,0.42742125802266395,Não,Spearman,20,20,0.6808758848644704,2.29979987972261e-05,Não,20,0.9451982863733615,0.30000937679609874,Sim,OK
Desmatamento/uso da terra,AP,Causas,area_destinada_colheita,0.19849624060150375,0.40150360700389714,Não,Spearman,20,20,0.6808758848644704,2.29979987972261e-05,Não,20,0.941735650606462,0.25854084960552887,Sim,OK
Desmatamento/uso da terra,AP,Causas,consumo_energia_industrial,-0.15037593984962402,0.5268549482529813,Não,Spearman,20,20,0.6808758848644704,2.29979987972261e-05,Não,20,0.7967946542293356,0.0007742186685904298,Não,OK
Desmatamento/uso da terra,AP,Causas,desmat_area,0.7127819548872181,0.00042017538910877765,Sim,Spearman,20,20,0.6808758848644704,2.29979987972261e-05,Não,20,0.6934133410382208,3.244019547035492e-05,Não,OK
Desmatamento/uso da terra,AP,Causas,frota,0.23157894736842105,0.32589862703879297,Não,Spearman,20,20,0.6808758848644704,2.29979987972261e-05,Não,20,0.9454906462124683,0.3037681935944345,Sim,OK
Desmatamento/uso da terra,AP,Causas,frp_anual_queimadas,0.42556390977443603,0.06138492007540429,Não,Spearman,20,20,0.6808758848644704,2.29979987972261e-05,Não,20,0.9616104861217085,0.576503181857527,Sim,OK
Desmatamento/uso da terra,AP,Causas,rebanho,0.14887218045112782,0.5310434616086306,Não,Spearman,20,20,0.6808758848644704,2.29979987972261e-05,Não,20,0.9125742914208131,0.071369431306616,Sim,OK
Desmatamento/uso da terra,AP,Causas,venda_comb,0.42105263157894735,0.06448807512897045,Não,Spearman,20,20,0.6808758848644704,2.29979987972261e-05,Não,20,0.7873084498278443,0.0005621886786680382,Não,OK
Desmatamento/uso da terra,BA,Causas,area_colhida,-0.045112781954887216,0.8502061902084873,Não,Spearman,20,20,0.889766275056415,0.02662750320221261,Não,20,0.9358600745439599,0.20004062421319724,Sim,OK
Desmatamento/uso da terra,BA,Causas,area_destinada_colheita,-0.14285714285714285,0.5479501508336088,Não,Spearman,20,20,0.889766275056415,0.02662750320221261,Não,20,0.9116203002489202,0.06843615400475819,Sim,OK
Desmatamento/uso da terra,BA,Causas,consumo_energia_industrial,0.3383458646616541,0.14452609966359922,Não,Spearman,20,20,0.889766275056415,0.02662750320221261,Não,20,0.925472845240026,0.1263181357992751,Sim,OK
Desmatamento/uso da terra,BA,Causas,desmat_area,0.9714285714285714,1.0864095402975098e-12,Sim,Spearman,20,20,0.889766275056415,0.02662750320221261,Não,20,0.9231922208091606,0.11415643203943532,Sim,OK
Desmatamento/uso da terra,BA,Causas,frota,0.20150375939849624,0.39426050476127356,Não,Spearman,20,20,0.889766275056415,0.02662750320221261,Não,20,0.9378461794057487,0.21825957604699053,Sim,OK
Desmatamento/uso da terra,BA,Causas,frp_anual_queimadas,0.2571428571428572,0.27375050350001545,Não,Spearman,20,20,0.889766275056415,0.02662750320221261,Não,20,0.8954087662165261,0.033853208635673725,Não,OK
Desmatamento/uso da terra,BA,Causas,rebanho,0.43458646616541347,0.055518791395969054,Não,Spearman,20,20,0.889766275056415,0.02662750320221261,Não,20,0.8486826218728484,0.00506652847793707,Não,OK
Desmatamento/uso da terra,BA,Causas,venda_comb,0.0706766917293233,0.7671582206450904,Não,Spearman,20,20,0.889766275056415,0.02662750320221261,Não,20,0.9037612444385412,0.04853522554913501,Não,OK
Desmatamento/uso da terra,MA,Causas,area_colhida,0.13844130068163002,0.5605144310382755,Não,Pearson,20,20,0.9290821686496694,0.14825994511400054,Sim,20,0.9584023100478098,0.5124470122074053,Sim,OK
Desmatamento/uso da terra,MA,Causas,area_destinada_colheita,0.12355411758311782,0.6037829383208819,Não,Pearson,20,20,0.9290821686496694,0.14825994511400054,Sim,20,0.9603802200314475,0.5514730999312134,Sim,OK
Desmatamento/uso da terra,MA,Causas,consumo_energia_industrial,0.16691729323308271,0.4818249184315467,Não,Spearman,20,20,0.9290821686496694,0.14825994511400054,Sim,20,0.8084768379338844,0.001159056542304396,Não,OK
Desmatamento/uso da terra,MA,Causas,desmat_area,0.910826807951439,2.441057195929242e-08,Sim,Pearson,20,20,0.9290821686496694,0.14825994511400054,Sim,20,0.906347444755189,0.054321027723268765,Sim,OK
Desmatamento/uso da terra,MA,Causas,frota,0.07030493485514352,0.7683508336933376,Não,Pearson,20,20,0.9290821686496694,0.14825994511400054,Sim,20,0.9282290040790305,0.14275444154187672,Sim,OK
Desmatamento/uso da terra,MA,Causas,frp_anual_queimadas,0.1133986213352467,0.6340597829664107,Não,Pearson,20,20,0.9290821686496694,0.14825994511400054,Sim,20,0.909690057405393,0.06287463761367215,Sim,OK
Desmatamento/uso da terra,MA,Causas,rebanho,0.3619735677757199,0.11681336915824009,Não,Pearson,20,20,0.9290821686496694,0.14825994511400054,Sim,20,0.9403308366738015,0.24325654096345734,Sim,OK
Desmatamento/uso da terra,MA,Causas,venda_comb,-0.06766917293233082,0.7768207117441497,Não,Spearman,20,20,0.9290821686496694,0.14825994511400054,Sim,20,0.8789135502142345,0.01691508194731576,Não,OK
Desmatamento/uso da terra,MG,Causas,area_colhida,-0.20752439320111055,0.37998009987293957,Não,Pearson,20,20,0.955920267528245,0.4658945679507055,Sim,20,0.9132058601602685,0.07338214360619126,Sim,OK
Desmatamento/uso da terra,MG,Causas,area_destinada_colheita,-0.19229429642041662,0.41666793480781117,Não,Pearson,20,20,0.955920267528245,0.4658945679507055,Sim,20,0.9211373291131467,0.10420943790957576,Sim,OK
Desmatamento/uso da terra,MG,Causas,consumo_energia_industrial,0.14191699018518839,0.550614447202757,Não,Pearson,20,20,0.955920267528245,0.4658945679507055,Sim,20,0.9730172542172155,0.8168784288229929,Sim,OK
Desmatamento/uso da terra,MG,Causas,desmat_area,0.7011081669655604,0.0005733304723991212,Sim,Pearson,20,20,0.955920267528245,0.4658945679507055,Sim,20,0.9640564768924593,0.6276499637951327,Sim,OK
Desmatamento/uso da terra,MG,Causas,frota,-0.3951408062223996,0.08464991917121688,Não,Pearson,20,20,0.955920267528245,0.4658945679507055,Sim,20,0.9454433950208408,0.30315790496090056,Sim,OK
Desmatamento/uso da terra,MG,Causas,frp_anual_queimadas,0.2265243330499461,0.3368633373468308,Não,Pearson,20,20,0.955920267528245,0.4658945679507055,Sim,20,0.9121979142736827,0.07019702900822444,Sim,OK
Desmatamento/uso da terra,MG,Causas,rebanho,0.5108189206912341,0.02135678035525274,Sim,Pearson,20,20,0.955920267528245,0.4658945679507055,Sim,20,0.9366845452271118,0.20742092146812774,Sim,OK
Desmatamento/uso da terra,MG,Causas,venda_comb,-0.12030075187969923,0.6134176645307824,Não,Spearman,20,20,0.955920267528245,0.4658945679507055,Sim,20,0.8962335645659328,0.03507041900079739,Não,OK
Desmatamento/uso da terra,MS,Causas,area_colhida,-0.27368421052631575,0.24296636906130648,Não,Spearman,20,20,0.7347645568302648,0.000106812692074015,Não,20,0.8997201202357787,0.04074360913710807,Não,OK
Desmatamento/uso da terra,MS,Causas,area_destinada_colheita,-0.26165413533834586,0.26512410951035276,Não,Spearman,20,20,0.7347645568302648,0.000106812692074015,Não,20,0.8994186961985594,0.0402173014255205,Não,OK
Desmatamento/uso da terra,MS,Causas,consumo_energia_industrial,-0.22556390977443608,0.33897093917086674,Não,Spearman,20,20,0.7347645568302648,0.000106812692074015,Não,20,0.9348586089648826,0.19141335633402978,Sim,OK
Desmatamento/uso da terra,MS,Causas,desmat_area,0.6992481203007518,0.0006016416290038309,Sim,Spearman,20,20,0.7347645568302648,0.000106812692074015,Não,20,0.8693997789291386,0.01146731868824373,Não,OK
Desmatamento/uso da terra,MS,Causas,frota,-0.28872180451127816,0.2169926666873039,Não,Spearman,20,20,0.7347645568302648,0.000106812692074015,Não,20,0.938909507979732,0.22864760895224479,Sim,OK
Desmatamento/uso da terra,MS,Causas,frp_anual_queimadas,0.30526315789473685,0.19060938739632302,Não,Spearman,20,20,0.7347645568302648,0.000106812692074015,Não,20,0.8371457614225641,0.0032706794342801594,Não,OK
Desmatamento/uso da terra,MS,Causas,rebanho,0.27669172932330827,0.2376188406109919,Não,Spearman,20,20,0.7347645568302648,0.000106812692074015,Não,20,0.9393267598257432,0.2328491581115218,Sim,OK
Desmatamento/uso da terra,MS,Causas,venda_comb,-0.16842105263157892,0.4778286757964304,Não,Spearman,20,20,0.7347645568302648,0.000106812692074015,Não,20,0.9521704289956775,0.4012421359577091,Sim,OK
Desmatamento/uso da terra,MT,Causas,area_colhida,-0.06616541353383458,0.781663912108574,Não,Spearman,20,20,0.6815813523732124,2.3442808787093593e-05,Não,20,0.9228696833760188,0.11253405160374896,Sim,OK
Desmatamento/uso da terra,MT,Causas,area_destinada_colheita,-0.06616541353383458,0.781663912108574,Não,Spearman,20,20,0.6815813523732124,2.3442808787093593e-05,Não,20,0.9229164384183878,0.11276778643302732,Sim,OK
Desmatamento/uso da terra,MT,Causas,consumo_energia_industrial,-0.10375939849624059,0.6633257542362446,Não,Spearman,20,20,0.6815813523732124,2.3442808787093593e-05,Não,20,0.9194639777063575,0.09675937192702008,Sim,OK
Desmatamento/uso da terra,MT,Causas,desmat_area,0.9759398496240601,2.351920209922708e-13,Sim,Spearman,20,20,0.6815813523732124,2.3442808787093593e-05,Não,20,0.6921250114751216,3.130254400989948e-05,Não,OK
Desmatamento/uso da terra,MT,Causas,frota,-0.13082706766917293,0.5824730901969897,Não,Spearman,20,20,0.6815813523732124,2.3442808787093593e-05,Não,20,0.9492653886951882,0.356076725977548,Sim,OK
Desmatamento/uso da terra,MT,Causas,frp_anual_queimadas,0.437593984962406,0.05366144000429179,Não,Spearman,20,20,0.6815813523732124,2.3442808787093593e-05,Não,20,0.7858377218939852,0.0005352940649467807,Não,OK
Desmatamento/uso da terra,MT,Causas,rebanho,-0.14736842105263157,0.5352473458918692,Não,Spearman,20,20,0.6815813523732124,2.3442808787093593e-05,Não,20,0.9421170042640407,0.26283935041002604,Sim,OK
Desmatamento/uso da terra,MT,Causas,venda_comb,-0.09172932330827067,0.7005157258604466,Não,Spearman,20,20,0.6815813523732124,2.3442808787093593e-05,Não,20,0.9540276369345665,0.4323796429896497,Sim,OK
Desmatamento/uso da terra,PA,Causas,area_colhida,0.4481203007518797,0.0475317357506642,Sim,Spearman,20,20,0.9288922158854342,0.1470162950376679,Sim,20,0.8682065746313177,0.010928299519165307,Não,OK
Desmatamento/uso da terra,PA,Causas,area_destinada_colheita,0.4481203007518797,0.0475317357506642,Sim,Spearman,20,20,0.9288922158854342,0.1470162950376679,Sim,20,0.8702693938901375,0.011877845896842494,Não,OK
Desmatamento/uso da terra,PA,Causas,consumo_energia_industrial,-0.4203960465829859,0.06494939229238719,Não,Pearson,20,20,0.9288922158854342,0.1470162950376679,Sim,20,0.9800329875661359,0.9345267447310126,Sim,OK
Desmatamento/uso da terra,PA,Causas,desmat_area,0.9535169539064454,8.124701189409824e-11,Sim,Pearson,20,20,0.9288922158854342,0.1470162950376679,Sim,20,0.9346582579646144,0.18973080882806126,Sim,OK
Desmatamento/uso da terra,PA,Causas,frota,-0.22226388368003364,0.3462713992143005,Não,Pearson,20,20,0.9288922158854342,0.1470162950376679,Sim,20,0.9385041026994169,0.22463343527595908,Sim,OK
Desmatamento/uso da terra,PA,Causas,frp_anual_queimadas,0.4781954887218045,0.03295038321495765,Sim,Spearman,20,20,0.9288922158854342,0.1470162950376679,Sim,20,0.8685270366637289,0.011070378971936953,Não,OK
Desmatamento/uso da terra,PA,Causas,rebanho,-0.011778328423719939,0.9606929410567936,Não,Pearson,20,20,0.9288922158854342,0.1470162950376679,Sim,20,0.9487128681012169,0.3479745499866185,Sim,OK
Desmatamento/uso da terra,PA,Causas,venda_comb,-0.36147723140751886,0.11735300468303858,Não,Pearson,20,20,0.9288922158854342,0.1470162950376679,Sim,20,0.9390856970266863,0.23041303573229394,Sim,OK
Desmatamento/uso da terra,PI,Causas,area_colhida,0.5357862767376976,0.014897056370039904,Sim,Pearson,20,20,0.9264247848340691,0.131770289665757,Sim,20,0.9516052165213805,0.39211561966022634,Sim,OK
Desmatamento/uso da terra,PI,Causas,area_destinada_colheita,0.5624189606276365,0.00984223677116491,Sim,Pearson,20,20,0.9264247848340691,0.131770289665757,Sim,20,0.9601826561331095,0.5475047531936317,Sim,OK
Desmatamento/uso da terra,PI,Causas,consumo_energia_industrial,-0.07461684842306734,0.7545494659868497,Não,Pearson,20,20,0.9264247848340691,0.131770289665757,Sim,20,0.9676768915136749,0.7052620545558248,Sim,OK
Desmatamento/uso da terra,PI,Causas,desmat_area,0.9824493553583561,1.408126877655186e-14,Sim,Pearson,20,20,0.9264247848340691,0.131770289665757,Sim,20,0.9156046715399011,0.0815724298558552,Sim,OK
Desmatamento/uso da terra,PI,Causas,frota,0.49779860898671763,0.025514001433145396,Sim,Pearson,20,20,0.9264247848340691,0.131770289665757,Sim,20,0.923012626931651,0.113250183422131,Sim,OK
Desmatamento/uso da terra,PI,Causas,frp_anual_queimadas,0.27087080277760794,0.24803816416284868,Não,Pearson,20,20,0.9264247848340691,0.131770289665757,Sim,20,0.9196087087794204,0.09738185292863495,Sim,OK
Desmatamento/uso da terra,PI,Causas,rebanho,-0.4360902255639097,0.05458409967322206,Não,Spearman,20,20,0.9264247848340691,0.131770289665757,Sim,20,0.8961796111600229,0.03498941434002308,Não,OK
Desmatamento/uso da terra,PI,Causas,venda_comb,0.4601503759398496,0.041200717801954445,Sim,Spearman,20,20,0.9264247848340691,0.131770289665757,Sim,20,0.8658744951569796,0.009950742443877584,Não,OK
Desmatamento/uso da terra,RO,Causas,area_colhida,0.013533834586466165,0.9548397533571387,Não,Spearman,20,20,0.9005010476427964,0.04214083188589732,Não,20,0.7585477393719444,0.0002215373604399586,Não,OK
Desmatamento/uso da terra,RO,Causas,area_destinada_colheita,0.009022556390977442,0.9698849998123449,Não,Spearman,20,20,0.9005010476427964,0.04214083188589732,Não,20,0.7921755512902149,0.0006619521553477741,Não,OK
Desmatamento/uso da terra,RO,Causas,consumo_energia_industrial,-0.3924812030075188,0.08695594245899084,Não,Spearman,20,20,0.9005010476427964,0.04214083188589732,Não,20,0.9379748740803677,0.21949279013018552,Sim,OK
Desmatamento/uso da terra,RO,Causas,desmat_area,0.9714285714285714,1.0864095402975098e-12,Sim,Spearman,20,20,0.9005010476427964,0.04214083188589732,Não,20,0.9060900944888546,0.05371452972464613,Sim,OK
Desmatamento/uso da terra,RO,Causas,frota,0.007518796992481202,0.97490250199334,Não,Spearman,20,20,0.9005010476427964,0.04214083188589732,Não,20,0.9356996042342559,0.19863360791302204,Sim,OK
Desmatamento/uso da terra,RO,Causas,frp_anual_queimadas,0.7218045112781954,0.0003270659389347301,Sim,Spearman,20,20,0.9005010476427964,0.04214083188589732,Não,20,0.733787069578473,0.0001037331333433782,Não,OK
Desmatamento/uso da terra,RO,Causas,rebanho,0.05563909774436089,0.8157739948259725,Não,Spearman,20,20,0.9005010476427964,0.04214083188589732,Não,20,0.895820244862577,0.03445483508431574,Não,OK
Desmatamento/uso da terra,RO,Causas,venda_comb,-0.12180451127819547,0.608956622164901,Não,Spearman,20,20,0.9005010476427964,0.04214083188589732,Não,20,0.8894591078867643,0.02628385245449938,Não,OK
Desmatamento/uso da terra,RS,Causas,area_colhida,-0.06692503676808842,0.7792163930707403,Não,Pearson,20,20,0.9729470980270184,0.8154871200683524,Sim,20,0.9265556272634038,0.1325377952299721,Sim,OK
Desmatamento/uso da terra,RS,Causas,area_destinada_colheita,-0.03308270676691729,0.8898759648856192,Não,Spearman,20,20,0.9729470980270184,0.8154871200683524,Sim,20,0.8829331492681851,0.01998525229519447,Não,OK
Desmatamento/uso da terra,RS,Causas,consumo_energia_industrial,0.48751822184125065,0.029227515164618318,Sim,Pearson,20,20,0.9729470980270184,0.8154871200683524,Sim,20,0.9154400806431718,0.08098166439078805,Sim,OK
Desmatamento/uso da terra,RS,Causas,desmat_area,0.6894359672401655,0.0007714086965750343,Sim,Pearson,20,20,0.9729470980270184,0.8154871200683524,Sim,20,0.9559851829282461,0.46707529031131484,Sim,OK
Desmatamento/uso da terra,RS,Causas,frota,0.04100542618643077,0.8637162527055725,Não,Pearson,20,20,0.9729470980270184,0.8154871200683524,Sim,20,0.9324573116025698,0.17216255977732758,Sim,OK
Desmatamento/uso da terra,RS,Causas,frp_anual_queimadas,-0.18104540431472083,0.44494359518632154,Não,Pearson,20,20,0.9729470980270184,0.8154871200683524,Sim,20,0.9498894249149811,0.3654144024122122,Sim,OK
Desmatamento/uso da terra,RS,Causas,rebanho,0.31127819548872177,0.18157577037037334,Não,Spearman,20,20,0.9729470980270184,0.8154871200683524,Sim,20,0.8573502797055936,0.007095801348312415,Não,OK
Desmatamento/uso da terra,RS,Causas,venda_comb,0.0706766917293233,0.7671582206450904,Não,Spearman,20,20,0.9729470980270184,0.8154871200683524,Sim,20,0.8685968465411016,0.011101588305087146,Não,OK
Energia/agroindustria,DF,Causas,area_colhida,0.593984962406015,0.005754247539586488,Sim,Spearman,20,20,0.9364150869528569,0.20498076533617854,Sim,20,0.8766949126033656,0.015437411050190399,Não,OK
Energia/agroindustria,DF,Causas,area_destinada_colheita,0.5954887218045113,0.005601441030074217,Sim,Spearman,20,20,0.9364150869528569,0.20498076533617854,Sim,20,0.8598991959202105,0.007845158525280347,Não,OK
Energia/agroindustria,DF,Causas,consumo_energia_industrial,0.780296738521171,4.9421190169259734e-05,Sim,Pearson,20,20,0.9364150869528569,0.20498076533617854,Sim,20,0.9705252910316022,0.7659301380822795,Sim,OK
Energia/agroindustria,DF,Causas,desmat_area,-0.16470123423794145,0.4877442257646877,Não,Pearson,20,20,0.9364150869528569,0.20498076533617854,Sim,20,0.9462247652744723,0.31338896903189717,Sim,OK
Energia/agroindustria,DF,Causas,frota,0.6834755432655981,0.000893094009055763,Sim,Pearson,20,20,0.9364150869528569,0.20498076533617854,Sim,20,0.9375996981267006,0.2159159094010435,Sim,OK
Energia/agroindustria,DF,Causas,frp_anual_queimadas,0.04360902255639097,0.8551479470173744,Não,Spearman,20,20,0.9364150869528569,0.20498076533617854,Sim,20,0.8988905876913186,0.03931221081670863,Não,OK
Energia/agroindustria,DF,Causas,rebanho,-0.17260380189682112,0.4668007549114801,Não,Pearson,20,20,0.9364150869528569,0.20498076533617854,Sim,20,0.9250851884722172,0.12416294736475636,Sim,OK
Energia/agroindustria,DF,Causas,venda_comb,0.9571636271254743,3.947117540608426e-11,Sim,Pearson,20,20,0.9364150869528569,0.20498076533617854,Sim,20,0.9472916623022194,0.3278415984115761,Sim,OK
Energia/agroindustria,GO,Causas,area_colhida,0.5864475830906469,0.006572747687293795,Sim,Pearson,20,20,0.9636521657080678,0.6190904042671079,Sim,20,0.9369892027750251,0.21021309727393261,Sim,OK
Energia/agroindustria,GO,Causas,area_destinada_colheita,0.5821073724926328,0.007085831794135225,Sim,Pearson,20,20,0.9636521657080678,0.6190904042671079,Sim,20,0.9343195877916196,0.18691897631134868,Sim,OK
Energia/agroindustria,GO,Causas,consumo_energia_industrial,0.49624060150375937,0.026051464707248905,Sim,Spearman,20,20,0.9636521657080678,0.6190904042671079,Sim,20,0.8601372248082289,0.007919301289239762,Não,OK
Energia/agroindustria,GO,Causas,desmat_area,0.33383458646616543,0.15029922707342813,Não,Spearman,20,20,0.9636521657080678,0.6190904042671079,Sim,20,0.789569547633786,0.0006063822203814875,Não,OK
Energia/agroindustria,GO,Causas,frota,0.41350492659212845,0.06994226655411723,Não,Pearson,20,20,0.9636521657080678,0.6190904042671079,Sim,20,0.9395352293666172,0.23497526783623474,Sim,OK
Energia/agroindustria,GO,Causas,frp_anual_queimadas,0.08270676691729321,0.7288508763559794,Não,Spearman,20,20,0.9636521657080678,0.6190904042671079,Sim,20,0.8900815789621739,0.02698516673433096,Não,OK
Energia/agroindustria,GO,Causas,rebanho,0.4867069018838193,0.029537733719858548,Sim,Pearson,20,20,0.9636521657080678,0.6190904042671079,Sim,20,0.9275745135198055,0.1386685989795,Sim,OK
Energia/agroindustria,GO,Causas,venda_comb,0.5368421052631579,0.014663294425522912,Sim,Spearman,20,20,0.9636521657080678,0.6190904042671079,Sim,20,0.8958051940588299,0.03443263329879501,Não,OK
Energia/agroindustria,PR,Causas,area_colhida,0.7977779196117689,2.5106196149646615e-05,Sim,Pearson,20,20,0.9540790930849103,0.4332672545485697,Sim,20,0.9646839767587927,0.6409987828389898,Sim,OK
Energia/agroindustria,PR,Causas,area_destinada_colheita,0.8005116513130313,2.245134992401639e-05,Sim,Pearson,20,20,0.9540790930849103,0.4332672545485697,Sim,20,0.9589450965297025,0.522996287295574,Sim,OK
Energia/agroindustria,PR,Causas,consumo_energia_industrial,0.776636459471573,5.651930936240697e-05,Sim,Pearson,20,20,0.9540790930849103,0.4332672545485697,Sim,20,0.9594569203671823,0.5330574216172614,Sim,OK
Energia/agroindustria,PR,Causas,desmat_area,0.0462980179290637,0.846314963779292,Não,Pearson,20,20,0.9540790930849103,0.4332672545485697,Sim,20,0.9702436196207624,0.7600120718944843,Sim,OK
Energia/agroindustria,PR,Causas,frota,0.7926783181507453,3.079048415573433e-05,Sim,Pearson,20,20,0.9540790930849103,0.4332672545485697,Sim,20,0.9419687806966524,0.2611609300701241,Sim,OK
Energia/agroindustria,PR,Causas,frp_anual_queimadas,-0.4745444752160975,0.03450539768359172,Sim,Pearson,20,20,0.9540790930849103,0.4332672545485697,Sim,20,0.9566048293179263,0.47844754832107167,Sim,OK
Energia/agroindustria,PR,Causas,rebanho,-0.595898651412698,0.005560369798224763,Sim,Pearson,20,20,0.9540790930849103,0.4332672545485697,Sim,20,0.9095834142119291,0.06258130056747084,Sim,OK
Energia/agroindustria,PR,Causas,venda_comb,0.7383458646616541,0.0002014294307883675,Sim,Spearman,20,20,0.9540790930849103,0.4332672545485697,Sim,20,0.8749427536930842,0.01436694000839896,Não,OK
Energia/agroindustria,RR,Causas,area_colhida,0.8210526315789473,9.148582181124782e-06,Sim,Spearman,20,20,0.9429247001025165,0.27215893925017204,Sim,20,0.7625952245826232,0.00025170795686618415,Não,OK
Energia/agroindustria,RR,Causas,area_destinada_colheita,0.7909774436090224,3.291872728004308e-05,Sim,Spearman,20,20,0.9429247001025165,0.27215893925017204,Sim,20,0.7579441680970893,0.00021737899510717993,Não,OK
Energia/agroindustria,RR,Causas,consumo_energia_industrial,0.5176320393002515,0.01940707308329418,Sim,Pearson,20,20,0.9429247001025165,0.27215893925017204,Sim,20,0.9555969002223107,0.4600433804906963,Sim,OK
Energia/agroindustria,RR,Causas,desmat_area,0.9304873673675322,2.791461213179495e-09,Sim,Pearson,20,20,0.9429247001025165,0.27215893925017204,Sim,20,0.9569378058249187,0.48463382681624545,Sim,OK
Energia/agroindustria,RR,Causas,frota,0.5426410875165182,0.01343143487618187,Sim,Pearson,20,20,0.9429247001025165,0.27215893925017204,Sim,20,0.9465158844591197,0.3172769434949101,Sim,OK
Energia/agroindustria,RR,Causas,frp_anual_queimadas,0.28721804511278193,0.2195043134627025,Não,Spearman,20,20,0.9429247001025165,0.27215893925017204,Sim,20,0.8989461477370908,0.03940642331155256,Não,OK
Energia/agroindustria,RR,Causas,rebanho,0.5376546601881969,0.014485410197701214,Sim,Pearson,20,20,0.9429247001025165,0.27215893925017204,Sim,20,0.9260288899326315,0.12947488742413238,Sim,OK
Energia/agroindustria,RR,Causas,venda_comb,0.6390977443609022,0.0024165793968331305,Sim,Spearman,20,20,0.9429247001025165,0.27215893925017204,Sim,20,0.8605383730442884,0.008045939707162946,Não,OK
Energia/agroindustria,SP,Causas,area_colhida,0.17558803406020393,0.45901242795743713,Não,Pearson,20,20,0.9132285800772736,0.0734556250201451,Sim,20,0.9201779364532804,0.09986972293419685,Sim,OK
Energia/agroindustria,SP,Causas,area_destinada_colheita,0.18216956625554676,0.4420737711150518,Não,Pearson,20,20,0.9132285800772736,0.0734556250201451,Sim,20,0.9146426937043342,0.07818096387987444,Sim,OK
Energia/agroindustria,SP,Causas,consumo_energia_industrial,0.7068318055487034,0.0004931920110561448,Sim,Pearson,20,20,0.9132285800772736,0.0734556250201451,Sim,20,0.9366858628571455,0.20743292126371893,Sim,OK
Energia/agroindustria,SP,Causas,desmat_area,-0.06643235388088597,0.7808035992786273,Não,Pearson,20,20,0.9132285800772736,0.0734556250201451,Sim,20,0.9425897493451664,0.2682583263568019,Sim,OK
Energia/agroindustria,SP,Causas,frota,0.14407271834670643,0.5445139926083074,Não,Pearson,20,20,0.9132285800772736,0.0734556250201451,Sim,20,0.9405701839816116,0.24580030776978778,Sim,OK
Energia/agroindustria,SP,Causas,frp_anual_queimadas,-0.09624060150375939,0.6864870716570238,Não,Spearman,20,20,0.9132285800772736,0.0734556250201451,Sim,20,0.7690779283491403,0.00030951628116564315,Não,OK
Energia/agroindustria,SP,Causas,rebanho,-0.4917293233082706,0.027658227513046155,Sim,Spearman,20,20,0.9132285800772736,0.0734556250201451,Sim,20,0.7777692219314007,0.0004101989015949443,Não,OK
Energia/agroindustria,SP,Causas,venda_comb,0.43458646616541347,0.055518791395969054,Não,Spearman,20,20,0.9132285800772736,0.0734556250201451,Sim,20,0.8678342881064123,0.010765663095388803,Não,OK
Energia/agroindustria,TO,Causas,area_colhida,0.5203007518796992,0.01868322114312066,Sim,Spearman,20,20,0.8573767717664407,0.007103186909183062,Não,20,0.8917875207365864,0.02900969839609866,Não,OK
Energia/agroindustria,TO,Causas,area_destinada_colheita,0.5112781954887218,0.021220644133224786,Sim,Spearman,20,20,0.8573767717664407,0.007103186909183062,Não,20,0.8898037938487448,0.02666980038498467,Não,OK
Energia/agroindustria,TO,Causas,consumo_energia_industrial,0.4842105263157894,0.03050849355066659,Sim,Spearman,20,20,0.8573767717664407,0.007103186909183062,Não,20,0.9422272599829772,0.26409420833930064,Sim,OK
Energia/agroindustria,TO,Causas,desmat_area,0.793984962406015,2.9237338796840142e-05,Sim,Spearman,20,20,0.8573767717664407,0.007103186909183062,Não,20,0.8532746155860969,0.006051111487230782,Não,OK
Energia/agroindustria,TO,Causas,frota,0.4270676691729323,0.06037604759529396,Não,Spearman,20,20,0.8573767717664407,0.007103186909183062,Não,20,0.9541374074914589,0.434274780736175,Sim,OK
Energia/agroindustria,TO,Causas,frp_anual_queimadas,-0.09924812030075188,0.6771888443218217,Não,Spearman,20,20,0.8573767717664407,0.007103186909183062,Não,20,0.8944019068180602,0.032426958239952106,Não,OK
Energia/agroindustria,TO,Causas,rebanho,0.5669172932330826,0.009146270047598541,Sim,Spearman,20,20,0.8573767717664407,0.007103186909183062,Não,20,0.8120592435004081,0.0013145548044280525,Não,OK
Energia/agroindustria,TO,Causas,venda_comb,0.43909774436090226,0.05275071743383972,Não,Spearman,20,20,0.8573767717664407,0.007103186909183062,Não,20,0.9485633183334717,0.34580815775180607,Sim,OK
Transporte/combustiveis,AL,Causas,area_colhida,-0.6150375939849623,0.003900311298213233,Sim,Spearman,20,20,0.9318550222636119,0.167636974087303,Sim,20,0.903221804545048,0.04741124135446523,Não,OK
Transporte/combustiveis,AL,Causas,area_destinada_colheita,-0.5969924812030075,0.005451989383349599,Sim,Spearman,20,20,0.9318550222636119,0.167636974087303,Sim,20,0.8962295249014072,0.03506434713724921,Não,OK
Transporte/combustiveis,AL,Causas,consumo_energia_industrial,-0.16691729323308271,0.4818249184315467,Não,Spearman,20,20,0.9318550222636119,0.167636974087303,Sim,20,0.8208511934564158,0.0017983882895392493,Não,OK
Transporte/combustiveis,AL,Causas,desmat_area,0.13684210526315788,0.5650957921363964,Não,Spearman,20,20,0.9318550222636119,0.167636974087303,Sim,20,0.8452162087797851,0.004436589712760823,Não,OK
Transporte/combustiveis,AL,Causas,frota,0.8445402683328209,2.82384807771248e-06,Sim,Pearson,20,20,0.9318550222636119,0.167636974087303,Sim,20,0.9429885732576139,0.2729085625163791,Sim,OK
Transporte/combustiveis,AL,Causas,frp_anual_queimadas,-0.2066146531518763,0.3821190660672463,Não,Pearson,20,20,0.9318550222636119,0.167636974087303,Sim,20,0.9285125608770085,0.14456143844132469,Sim,OK
Transporte/combustiveis,AL,Causas,rebanho,0.8953482798248455,9.726797315399062e-08,Sim,Pearson,20,20,0.9318550222636119,0.167636974087303,Sim,20,0.9199557644982155,0.0988911204321177,Sim,OK
Transporte/combustiveis,AL,Causas,venda_comb,0.8330827067669173,5.123854828137089e-06,Sim,Spearman,20,20,0.9318550222636119,0.167636974087303,Sim,20,0.874018178506835,0.013833948587938833,Não,OK
Transporte/combustiveis,CE,Causas,area_colhida,-0.7428571428571428,0.00017540444660487075,Sim,Spearman,20,20,0.9480928244251812,0.3390661771541167,Sim,20,0.8804751275677352,0.01804416761145284,Não,OK
Transporte/combustiveis,CE,Causas,area_destinada_colheita,-0.7458646616541353,0.00015970222414751246,Sim,Spearman,20,20,0.9480928244251812,0.3390661771541167,Sim,20,0.8716878522802594,0.012581182321200788,Não,OK
Transporte/combustiveis,CE,Causas,consumo_energia_industrial,0.8669737145540279,7.56873051017454e-07,Sim,Pearson,20,20,0.9480928244251812,0.3390661771541167,Sim,20,0.9371730116886374,0.21191491748170022,Sim,OK
Transporte/combustiveis,CE,Causas,desmat_area,-0.13684210526315788,0.5650957921363964,Não,Spearman,20,20,0.9480928244251812,0.3390661771541167,Sim,20,0.8930436844405225,0.030601920148958205,Não,OK
Transporte/combustiveis,CE,Causas,frota,0.8730987883458542,5.068742019555171e-07,Sim,Pearson,20,20,0.9480928244251812,0.3390661771541167,Sim,20,0.9230682103563892,0.11352988697415783,Sim,OK
Transporte/combustiveis,CE,Causas,frp_anual_queimadas,-0.4917293233082706,0.027658227513046155,Sim,Spearman,20,20,0.9480928244251812,0.3390661771541167,Sim,20,0.8662752690537765,0.010111915718729799,Não,OK
Transporte/combustiveis,CE,Causas,rebanho,0.3935229548706993,0.08604723488489294,Não,Pearson,20,20,0.9480928244251812,0.3390661771541167,Sim,20,0.9763983120777222,0.8796709522809509,Sim,OK
Transporte/combustiveis,CE,Causas,venda_comb,0.882706766917293,2.58814738791862e-07,Sim,Spearman,20,20,0.9480928244251812,0.3390661771541167,Sim,20,0.8565422657910164,0.006874408943075896,Não,OK
Transporte/combustiveis,ES,Causas,area_colhida,-0.6195488721804511,0.003575852944413449,Sim,Spearman,20,20,0.8766545395630491,0.015411819357914186,Não,20,0.9333164455399154,0.17882431032548435,Sim,OK
Transporte/combustiveis,ES,Causas,area_destinada_colheita,-0.6120300751879698,0.004129875210325546,Sim,Spearman,20,20,0.8766545395630491,0.015411819357914186,Não,20,0.9363516368013136,0.20441016303595155,Sim,OK
Transporte/combustiveis,ES,Causas,consumo_energia_industrial,0.26616541353383455,0.2566708454025406,Não,Spearman,20,20,0.8766545395630491,0.015411819357914186,Não,20,0.9462477730217976,0.31369473236632583,Sim,OK
Transporte/combustiveis,ES,Causas,desmat_area,0.5413533834586466,0.013697495397047697,Sim,Spearman,20,20,0.8766545395630491,0.015411819357914186,Não,20,0.9856504384535216,0.9852286231222005,Sim,OK
Transporte/combustiveis,ES,Causas,frota,0.5894736842105263,0.006233369103076914,Sim,Spearman,20,20,0.8766545395630491,0.015411819357914186,Não,20,0.9508739968794552,0.38055176586333495,Sim,OK
Transporte/combustiveis,ES,Causas,frp_anual_queimadas,0.13533834586466165,0.5694186911507698,Não,Spearman,20,20,0.8766545395630491,0.015411819357914186,Não,20,0.8195928221171283,0.0017188302308247462,Não,OK
Transporte/combustiveis,ES,Causas,rebanho,0.4466165413533834,0.04837283310926692,Sim,Spearman,20,20,0.8766545395630491,0.015411819357914186,Não,20,0.9476708316089993,0.3331138868493142,Sim,OK
Transporte/combustiveis,ES,Causas,venda_comb,0.7744360902255639,6.119579516446203e-05,Sim,Spearman,20,20,0.8766545395630491,0.015411819357914186,Não,20,0.9651879099041776,0.6517665206180573,Sim,OK
Transporte/combustiveis,PB,Causas,area_colhida,-0.5969924812030075,0.005451989383349599,Sim,Spearman,20,20,0.8859871975102829,0.022708069886830565,Não,20,0.8130922615087643,0.0013634143367163782,Não,OK
Transporte/combustiveis,PB,Causas,area_destinada_colheita,-0.6796992481203006,0.0009782817239871891,Sim,Spearman,20,20,0.8859871975102829,0.022708069886830565,Não,20,0.7898963555724099,0.0006130698840278573,Não,OK
Transporte/combustiveis,PB,Causas,consumo_energia_industrial,0.6496240601503759,0.0019353332844401446,Sim,Spearman,20,20,0.8859871975102829,0.022708069886830565,Não,20,0.8571773864579568,0.007047801119456591,Não,OK
Transporte/combustiveis,PB,Causas,desmat_area,0.5639097744360902,0.00960697153757662,Sim,Spearman,20,20,0.8859871975102829,0.022708069886830565,Não,20,0.928448910966977,0.14415386255414137,Sim,OK
Transporte/combustiveis,PB,Causas,frota,0.9428571428571428,5.009327938313909e-10,Sim,Spearman,20,20,0.8859871975102829,0.022708069886830565,Não,20,0.9363510393680722,0.20440479756348567,Sim,OK
Transporte/combustiveis,PB,Causas,frp_anual_queimadas,-0.28721804511278193,0.2195043134627025,Não,Spearman,20,20,0.8859871975102829,0.022708069886830565,Não,20,0.9507008612977208,0.377853887755192,Sim,OK
Transporte/combustiveis,PB,Causas,rebanho,0.6706766917293233,0.0012099715195241648,Sim,Spearman,20,20,0.8859871975102829,0.022708069886830565,Não,20,0.9653108720651994,0.6543992924953186,Sim,OK
Transporte/combustiveis,PB,Causas,venda_comb,0.7684210526315788,7.571881175260252e-05,Sim,Spearman,20,20,0.8859871975102829,0.022708069886830565,Não,20,0.9305454151108942,0.15819394866529735,Sim,OK
Transporte/combustiveis,PE,Causas,area_colhida,-0.5218045112781955,0.018284943482097568,Sim,Spearman,20,20,0.9431310350713494,0.27458723328790935,Sim,20,0.8634362424145877,0.009027033627027541,Não,OK
Transporte/combustiveis,PE,Causas,area_destinada_colheita,-0.7274616733400819,0.00027816735371741447,Sim,Pearson,20,20,0.9431310350713494,0.27458723328790935,Sim,20,0.9149601118689483,0.07928377658395495,Sim,OK
Transporte/combustiveis,PE,Causas,consumo_energia_industrial,0.8766917293233082,3.9679240752959395e-07,Sim,Spearman,20,20,0.9431310350713494,0.27458723328790935,Sim,20,0.8718155846013392,0.012646644659915923,Não,OK
Transporte/combustiveis,PE,Causas,desmat_area,0.19944475254689298,0.39921143978585194,Não,Pearson,20,20,0.9431310350713494,0.27458723328790935,Sim,20,0.9396812771527459,0.23647552340002626,Sim,OK
Transporte/combustiveis,PE,Causas,frota,0.9143120418576438,1.727436402677556e-08,Sim,Pearson,20,20,0.9431310350713494,0.27458723328790935,Sim,20,0.9248608119158117,0.12293236307980315,Sim,OK
Transporte/combustiveis,PE,Causas,frp_anual_queimadas,-0.5997958809696535,0.005182136042087554,Sim,Pearson,20,20,0.9431310350713494,0.27458723328790935,Sim,20,0.9220862095980373,0.10868915170190646,Sim,OK
Transporte/combustiveis,PE,Causas,rebanho,0.1565963490208703,0.5096944253250195,Não,Pearson,20,20,0.9431310350713494,0.27458723328790935,Sim,20,0.9162892444473548,0.08407721006141278,Sim,OK
Transporte/combustiveis,PE,Causas,venda_comb,0.874631293441219,4.5702399805707376e-07,Sim,Pearson,20,20,0.9431310350713494,0.27458723328790935,Sim,20,0.9188697378610016,0.09424561604381208,Sim,OK
Transporte/combustiveis,RJ,Causas,area_colhida,-0.437593984962406,0.05366144000429179,Não,Spearman,20,20,0.8760412911609213,0.01502855291815436,Não,20,0.8773143180101495,0.015835715023604945,Não,OK
Transporte/combustiveis,RJ,Causas,area_destinada_colheita,-0.43909774436090226,0.05275071743383972,Não,Spearman,20,20,0.8760412911609213,0.01502855291815436,Não,20,0.8763488826657062,0.015219516716734362,Não,OK
Transporte/combustiveis,RJ,Causas,consumo_energia_industrial,-0.14586466165413534,0.5394664944297437,Não,Spearman,20,20,0.8760412911609213,0.01502855291815436,Não,20,0.9243669007727305,0.12026637984444183,Sim,OK
Transporte/combustiveis,RJ,Causas,desmat_area,0.14285714285714285,0.5479501508336088,Não,Spearman,20,20,0.8760412911609213,0.01502855291815436,Não,20,0.9475902143869421,0.331986911731773,Sim,OK
Transporte/combustiveis,RJ,Causas,frota,0.47067669172932325,0.036214551666000905,Sim,Spearman,20,20,0.8760412911609213,0.01502855291815436,Não,20,0.9270827218636107,0.13567499528236454,Sim,OK
Transporte/combustiveis,RJ,Causas,frp_anual_queimadas,-0.08421052631578946,0.7241036435108112,Não,Spearman,20,20,0.8760412911609213,0.01502855291815436,Não,20,0.923255053828903,0.1144752129913662,Sim,OK
Transporte/combustiveis,RJ,Causas,rebanho,0.45112781954887216,0.04588325880000643,Sim,Spearman,20,20,0.8760412911609213,0.01502855291815436,Não,20,0.9083824937477516,0.05937387604114027,Sim,OK
Transporte/combustiveis,RJ,Causas,venda_comb,0.849624060150376,2.134870346341263e-06,Sim,Spearman,20,20,0.8760412911609213,0.01502855291815436,Não,20,0.9386426539719209,0.2259978237010717,Sim,OK
Transporte/combustiveis,RN,Causas,area_colhida,-0.728256110795291,0.00027182818432045614,Sim,Pearson,20,20,0.9346612114789798,0.18975550880459785,Sim,20,0.9224954703161025,0.11068079701026895,Sim,OK
Transporte/combustiveis,RN,Causas,area_destinada_colheita,-0.5458646616541353,0.012783628876204716,Sim,Spearman,20,20,0.9346612114789798,0.18975550880459785,Sim,20,0.8458252514584175,0.004540938909664372,Não,OK
Transporte/combustiveis,RN,Causas,consumo_energia_industrial,0.6828917088502939,0.0009058393731367724,Sim,Pearson,20,20,0.9346612114789798,0.18975550880459785,Sim,20,0.9054494534683779,0.052235013867611875,Sim,OK
Transporte/combustiveis,RN,Causas,desmat_area,0.24409498104117863,0.29967473338829365,Não,Pearson,20,20,0.9346612114789798,0.18975550880459785,Sim,20,0.9413858119280838,0.2546542110543698,Sim,OK
Transporte/combustiveis,RN,Causas,frota,0.7847195869174979,4.188149392557317e-05,Sim,Pearson,20,20,0.9346612114789798,0.18975550880459785,Sim,20,0.9386348073441926,0.22592034644411896,Sim,OK
Transporte/combustiveis,RN,Causas,frp_anual_queimadas,-0.6046286289044681,0.004742809769781267,Sim,Pearson,20,20,0.9346612114789798,0.18975550880459785,Sim,20,0.909569835313662,0.06254405137459157,Sim,OK
Transporte/combustiveis,RN,Causas,rebanho,0.02129833007121032,0.9289820831394091,Não,Pearson,20,20,0.9346612114789798,0.18975550880459785,Sim,20,0.9631007018144768,0.6074758183324471,Sim,OK
Transporte/combustiveis,RN,Causas,venda_comb,0.7338345864661654,0.0002306890933683326,Sim,Spearman,20,20,0.9346612114789798,0.18975550880459785,Sim,20,0.8787416914079376,0.01679545347964751,Não,OK
Transporte/combustiveis,SC,Causas,area_colhida,-0.6380061839742776,0.002471742544539267,Sim,Pearson,20,20,0.9572081262787265,0.4896941354639773,Sim,20,0.9344557736090995,0.18804480957456887,Sim,OK
Transporte/combustiveis,SC,Causas,area_destinada_colheita,-0.6454747060970158,0.0021144350860046457,Sim,Pearson,20,20,0.9572081262787265,0.4896941354639773,Sim,20,0.9302798192503983,0.15634343109653692,Sim,OK
Transporte/combustiveis,SC,Causas,consumo_energia_industrial,0.7593140500870885,0.00010332256730159918,Sim,Pearson,20,20,0.9572081262787265,0.4896941354639773,Sim,20,0.9607652441875136,0.559248704376742,Sim,OK
Transporte/combustiveis,SC,Causas,desmat_area,-0.365631946935324,0.11289064204842991,Não,Pearson,20,20,0.9572081262787265,0.4896941354639773,Sim,20,0.9532122285050156,0.41849257012614033,Sim,OK
Transporte/combustiveis,SC,Causas,frota,0.7491697612214314,0.0001438504484780588,Sim,Pearson,20,20,0.9572081262787265,0.4896941354639773,Sim,20,0.9510530573412346,0.3833581441788039,Sim,OK
Transporte/combustiveis,SC,Causas,frp_anual_queimadas,-0.3488721804511278,0.13166317155695242,Não,Spearman,20,20,0.9572081262787265,0.4896941354639773,Sim,20,0.7793945269459815,0.00043263248672965714,Não,OK
Transporte/combustiveis,SC,Causas,rebanho,0.732330827067669,0.00024121635708852925,Sim,Spearman,20,20,0.9572081262787265,0.4896941354639773,Sim,20,0.8753787623935304,0.014625774618677444,Não,OK
Transporte/combustiveis,SC,Causas,venda_comb,0.7857629106374814,4.0255321594030065e-05,Sim,Pearson,20,20,0.9572081262787265,0.4896941354639773,Sim,20,0.9213855953343447,0.10536318739479283,Sim,OK
Transporte/combustiveis,SE,Causas,area_colhida,-0.23675298293623048,0.3148973972107767,Não,Pearson,20,20,0.943094917680058,0.27416077166641567,Sim,20,0.9552463658266035,0.4537582381173833,Sim,OK
Transporte/combustiveis,SE,Causas,area_destinada_colheita,-0.31699622072751604,0.17326152492871555,Não,Pearson,20,20,0.943094917680058,0.27416077166641567,Sim,20,0.9149690884587646,0.07931519465086824,Sim,OK
Transporte/combustiveis,SE,Causas,consumo_energia_industrial,0.23941578226183208,0.30932370992810043,Não,Pearson,20,20,0.943094917680058,0.27416077166641567,Sim,20,0.9558925235017884,0.4653905631585649,Sim,OK
Transporte/combustiveis,SE,Causas,desmat_area,-0.0973545253562519,0.6830380545645628,Não,Pearson,20,20,0.943094917680058,0.27416077166641567,Sim,20,0.9611928338273926,0.5679465944793465,Sim,OK
Transporte/combustiveis,SE,Causas,frota,0.723352325982448,0.0003130106035054117,Sim,Pearson,20,20,0.943094917680058,0.27416077166641567,Sim,20,0.9361921821832077,0.20298287464279957,Sim,OK
Transporte/combustiveis,SE,Causas,frp_anual_queimadas,-0.45807514731064786,0.042243473427279146,Sim,Pearson,20,20,0.943094917680058,0.27416077166641567,Sim,20,0.9187340690191859,0.09368106980516056,Sim,OK
Transporte/combustiveis,SE,Causas,rebanho,0.7005012116846473,0.0005824417792109641,Sim,Pearson,20,20,0.943094917680058,0.27416077166641567,Sim,20,0.976799772402415,0.8864607303989045,Sim,OK
Transporte/combustiveis,SE,Causas,venda_comb,0.7338345864661654,0.0002306890933683326,Sim,Spearman,20,20,0.943094917680058,0.27416077166641567,Sim,20,0.8710276029575207,0.01224847314352191,Não,OK
Desmatamento/uso da terra,AC,Consequências,chuva_media,0.5735294117647058,0.0201910380465231,Sim,Spearman,16,20,0.7808079304775649,0.00045320479743731705,Não,16,0.9164088512093854,0.1476418631255607,Sim,OK
Desmatamento/uso da terra,AC,Consequências,temp_media,0.21176470588235297,0.4310832472392213,Não,Spearman,16,20,0.7808079304775649,0.00045320479743731705,Não,16,0.9395454783001079,0.34348364356525674,Sim,OK
Desmatamento/uso da terra,AM,Consequências,chuva_media,-0.4947368421052631,0.026578647405457147,Sim,Spearman,20,20,0.8039609958609255,0.0009904132007865244,Não,20,0.9426061359992804,0.26844796975570395,Sim,OK
Desmatamento/uso da terra,AM,Consequências,temp_media,0.34586466165413526,0.13525234313351656,Não,Spearman,20,20,0.8039609958609255,0.0009904132007865244,Não,20,0.8391611247551152,0.0035274898361492527,Não,OK
Desmatamento/uso da terra,AP,Consequências,chuva_media,-0.10588235294117648,0.6963341050381158,Não,Spearman,16,20,0.6808758848644704,2.29979987972261e-05,Não,16,0.9525900214779048,0.5317992662694342,Sim,OK
Desmatamento/uso da terra,AP,Consequências,temp_media,0.1323529411764706,0.6251064291516133,Não,Spearman,16,20,0.6808758848644704,2.29979987972261e-05,Não,16,0.9321453662394222,0.26358390985323876,Sim,OK
Desmatamento/uso da terra,BA,Consequências,chuva_media,0.10676691729323308,0.6541415450094845,Não,Spearman,20,20,0.889766275056415,0.02662750320221261,Não,20,0.9659211287393185,0.6674906814715964,Sim,OK
Desmatamento/uso da terra,BA,Consequências,temp_media,0.013533834586466165,0.9548397533571387,Não,Spearman,20,20,0.889766275056415,0.02662750320221261,Não,20,0.9468582898468467,0.3219031839746091,Sim,OK
Desmatamento/uso da terra,MA,Consequências,chuva_media,-0.26315789473684204,0.26228712287542844,Não,Spearman,20,20,0.9290821686496694,0.14825994511400054,Sim,20,0.8811131701406346,0.018528124826272196,Não,OK
Desmatamento/uso da terra,MA,Consequências,temp_media,0.20455999318068407,0.3869746975423842,Não,Pearson,20,20,0.9290821686496694,0.14825994511400054,Sim,20,0.9608637079464228,0.5612458764713086,Sim,OK
Desmatamento/uso da terra,MG,Consequências,chuva_media,-0.16160083833923145,0.4960854247892591,Não,Pearson,20,20,0.955920267528245,0.4658945679507055,Sim,20,0.975062341169652,0.8559679310929658,Sim,OK
Desmatamento/uso da terra,MG,Consequências,temp_media,-0.3038166715300472,0.1928260460397611,Não,Pearson,20,20,0.955920267528245,0.4658945679507055,Sim,20,0.9513503366447122,0.3880536753302162,Sim,OK
Desmatamento/uso da terra,MS,Consequências,chuva_media,-0.312781954887218,0.17936353052759132,Não,Spearman,20,20,0.7347645568302648,0.000106812692074015,Não,20,0.9270588206772122,0.13553115291112383,Sim,OK
Desmatamento/uso da terra,MS,Consequências,temp_media,0.3037593984962406,0.19291416827770458,Não,Spearman,20,20,0.7347645568302648,0.000106812692074015,Não,20,0.9648629389808443,0.6448183856897092,Sim,OK
Desmatamento/uso da terra,MT,Consequências,chuva_media,-0.33383458646616543,0.15029922707342813,Não,Spearman,20,20,0.6815813523732124,2.3442808787093593e-05,Não,20,0.9676563481318633,0.7048202799394401,Sim,OK
Desmatamento/uso da terra,MT,Consequências,temp_media,0.10977443609022557,0.6450049409876997,Não,Spearman,20,20,0.6815813523732124,2.3442808787093593e-05,Não,20,0.9076382523014829,0.05747184555318109,Sim,OK
Desmatamento/uso da terra,PA,Consequências,chuva_media,0.4054866738523464,0.07610768003442821,Não,Pearson,20,20,0.9288922158854342,0.1470162950376679,Sim,20,0.9252469590771537,0.12505780963245622,Sim,OK
Desmatamento/uso da terra,PA,Consequências,temp_media,-0.18346403214279366,0.4387812148759259,Não,Pearson,20,20,0.9288922158854342,0.1470162950376679,Sim,20,0.9159165216932006,0.08270386290318806,Sim,OK
Desmatamento/uso da terra,PI,Consequências,chuva_media,-0.18769165039405727,0.4281182529363572,Não,Pearson,20,20,0.9264247848340691,0.131770289665757,Sim,20,0.9411416577308269,0.2519735376585629,Sim,OK
Desmatamento/uso da terra,PI,Consequências,temp_media,-0.053450206613021974,0.8229093950351793,Não,Pearson,20,20,0.9264247848340691,0.131770289665757,Sim,20,0.9568213730284589,0.4824647343547338,Sim,OK
Desmatamento/uso da terra,RO,Consequências,chuva_media,-0.46323529411764713,0.061113371302034855,Não,Spearman,17,20,0.9005010476427964,0.04214083188589732,Não,17,0.9327469331397233,0.2418552785593998,Sim,OK
Desmatamento/uso da terra,RO,Consequências,temp_media,0.1936274509803922,0.4564969285487544,Não,Spearman,17,20,0.9005010476427964,0.04214083188589732,Não,17,0.968569587781577,0.7929134245133177,Sim,OK
Desmatamento/uso da terra,RS,Consequências,chuva_media,-0.04557801897883752,0.8486783765026636,Não,Pearson,20,20,0.9729470980270184,0.8154871200683524,Sim,20,0.9442611037292876,0.2882354823904885,Sim,OK
Desmatamento/uso da terra,RS,Consequências,temp_media,-0.19627082732773105,0.40690976010948765,Não,Pearson,20,20,0.9729470980270184,0.8154871200683524,Sim,20,0.9073763950148592,0.0568177066890323,Sim,OK
Energia/agroindustria,DF,Consequências,chuva_media,-0.2611488955027963,0.2660816104529641,Não,Pearson,20,20,0.9364150869528569,0.20498076533617854,Sim,20,0.9566654885079359,0.4795706327147553,Sim,OK
Energia/agroindustria,DF,Consequências,temp_media,0.4769381008125792,0.03347961002624544,Sim,Pearson,20,20,0.9364150869528569,0.20498076533617854,Sim,20,0.9367017369941251,0.20757754059126698,Sim,OK
Energia/agroindustria,GO,Consequências,chuva_media,-0.04060150375939849,0.8650468790077723,Não,Spearman,20,20,0.9636521657080678,0.6190904042671079,Sim,20,0.9043143828443931,0.04971652546842442,Não,OK
Energia/agroindustria,GO,Consequências,temp_media,0.19629930937110246,0.4068403196745848,Não,Pearson,20,20,0.9636521657080678,0.6190904042671079,Sim,20,0.9734320597391988,0.8250427337270916,Sim,OK
Energia/agroindustria,PR,Consequências,chuva_media,0.25789473684210523,0.28643023354996244,Não,Spearman,19,20,0.9540790930849103,0.4332672545485697,Sim,19,0.884053087368048,0.02527548769767288,Não,OK
Energia/agroindustria,PR,Consequências,temp_media,0.45789473684210524,0.048674125792005335,Sim,Spearman,19,20,0.9540790930849103,0.4332672545485697,Sim,19,0.6625791859824465,2.0576428075959003e-05,Não,OK
Energia/agroindustria,RR,Consequências,chuva_media,-0.12379464081335644,0.6732878248659941,Não,Pearson,14,20,0.9429247001025165,0.27215893925017204,Sim,14,0.9367255827100641,0.37797885317012336,Sim,OK
Energia/agroindustria,RR,Consequências,temp_media,0.3387343809744649,0.23613874925592362,Não,Pearson,14,20,0.9429247001025165,0.27215893925017204,Sim,14,0.9715886842018283,0.8971622362040126,Sim,OK
Energia/agroindustria,SP,Consequências,chuva_media,0.34888550128316,0.13164742604100305,Não,Pearson,20,20,0.9132285800772736,0.0734556250201451,Sim,20,0.9103837767067806,0.06481774850599561,Sim,OK
Energia/agroindustria,SP,Consequências,temp_media,-0.246271502100738,0.2952497803539944,Não,Pearson,20,20,0.9132285800772736,0.0734556250201451,Sim,20,0.9482346438251789,0.3410866443380641,Sim,OK
Energia/agroindustria,TO,Consequências,chuva_media,-0.29774436090225564,0.2023199860189742,Não,Spearman,20,20,0.8573767717664407,0.007103186909183062,Não,20,0.8909028493587011,0.027940644057279564,Não,OK
Energia/agroindustria,TO,Consequências,temp_media,0.09022556390977443,0.705213030860713,Não,Spearman,20,20,0.8573767717664407,0.007103186909183062,Não,20,0.9361450107757456,0.20256246519397736,Sim,OK
Transporte/combustiveis,AL,Consequências,chuva_media,-0.3293233082706767,0.15623105162611658,Não,Spearman,20,20,0.9318550222636119,0.167636974087303,Sim,20,0.8844150515755214,0.0212607627521501,Não,OK
Transporte/combustiveis,AL,Consequências,temp_media,0.14442379876407288,0.5435233921332285,Não,Pearson,20,20,0.9318550222636119,0.167636974087303,Sim,20,0.9741226599301738,0.8383829817126812,Sim,OK
Transporte/combustiveis,CE,Consequências,chuva_media,-0.07218045112781954,0.7623392575365604,Não,Spearman,20,20,0.9480928244251812,0.3390661771541167,Sim,20,0.85569187874093,0.006649302116221837,Não,OK
Transporte/combustiveis,CE,Consequências,temp_media,0.3668260952673929,0.11163098242425443,Não,Pearson,20,20,0.9480928244251812,0.3390661771541167,Sim,20,0.9467093363524908,0.3198835704713808,Sim,OK
Transporte/combustiveis,ES,Consequências,chuva_media,-0.2053663570691434,0.41363537140209433,Não,Spearman,18,20,0.8766545395630491,0.015411819357914186,Não,18,0.9469594311135772,0.3793307959914339,Sim,OK
Transporte/combustiveis,ES,Consequências,temp_media,-0.1991744066047472,0.42815803191920493,Não,Spearman,18,20,0.8766545395630491,0.015411819357914186,Não,18,0.9377874642493836,0.26549557993675144,Sim,OK
Transporte/combustiveis,PB,Consequências,chuva_media,-0.06616541353383458,0.781663912108574,Não,Spearman,20,20,0.8859871975102829,0.022708069886830565,Não,20,0.9810676238999355,0.9471268239241474,Sim,OK
Transporte/combustiveis,PB,Consequências,temp_media,0.8721804511278194,5.389740442330202e-07,Sim,Spearman,20,20,0.8859871975102829,0.022708069886830565,Não,20,0.7451317544039628,0.00014617819327186038,Não,OK
Transporte/combustiveis,PE,Consequências,chuva_media,-0.6547983799737118,0.0017299447556266495,Sim,Pearson,20,20,0.9431310350713494,0.27458723328790935,Sim,20,0.9053878059024135,0.05209488912328156,Sim,OK
Transporte/combustiveis,PE,Consequências,temp_media,-0.07744878864382605,0.7455236603258824,Não,Pearson,20,20,0.9431310350713494,0.27458723328790935,Sim,20,0.9385105806344691,0.2246970542371835,Sim,OK
Transporte/combustiveis,RJ,Consequências,chuva_media,0.015037593984962403,0.9498276950483329,Não,Spearman,20,20,0.8760412911609213,0.01502855291815436,Não,20,0.9090932755414924,0.061251156468107616,Sim,OK
Transporte/combustiveis,RJ,Consequências,temp_media,-0.41353383458646614,0.06992073829262116,Não,Spearman,20,20,0.8760412911609213,0.01502855291815436,Não,20,0.9589748714819142,0.5235786024937468,Sim,OK
Transporte/combustiveis,RN,Consequências,chuva_media,-0.4857142857142857,0.029920782525592465,Sim,Spearman,20,20,0.9346612114789798,0.18975550880459785,Sim,20,0.8817318508019314,0.019010476923289735,Não,OK
Transporte/combustiveis,RN,Consequências,temp_media,0.7263157894736841,0.00028753287121455824,Sim,Spearman,20,20,0.9346612114789798,0.18975550880459785,Sim,20,0.901714329043365,0.04441145436905331,Não,OK
Transporte/combustiveis,SC,Consequências,chuva_media,0.13264859564295836,0.5771867349526345,Não,Pearson,20,20,0.9572081262787265,0.4896941354639773,Sim,20,0.9655081442822693,0.6586269709131832,Sim,OK
Transporte/combustiveis,SC,Consequências,temp_media,-0.12932330827067667,0.5868527244899819,Não,Spearman,20,20,0.9572081262787265,0.4896941354639773,Sim,20,0.8723520933841191,0.012925562475951597,Não,OK
Transporte/combustiveis,SE,Consequências,chuva_media,-0.14845068868377945,0.5322202310387878,Não,Pearson,20,20,0.943094917680058,0.27416077166641567,Sim,20,0.9662130348931656,0.6737642923358341,Sim,OK
Transporte/combustiveis,SE,Consequências,temp_media,-0.5028173075208159,0.02384199804921336,Sim,Pearson,20,20,0.943094917680058,0.27416077166641567,Sim,20,0.9131355336504785,0.0731551694352335,Sim,OK
