Estado,Ano,co2,frota,rebanho,venda_comb,desmat_area,temp_media,chuva_media,area_destinada_colheita,area_colhida,consumo_energia_industrial,frp_anual_queimadas
AC,2004,40282813.86555734,64666.0,2062690.0,241370.336636,68122.26734515422,,,132684,127724,24098.941,330151.8
AC,2005,40444407.87108589,72098.0,2313185.0,251890.433377,68959.52354790678,,,134582,118877,25560.691,862647.0
AC,2006,31526472.967413463,81521.0,2452915.0,221779.256016,52219.24667134981,,,126861,122597,26255.905000000002,266925.4
AC,2007,25845620.818597216,93949.0,2315798.0,228866.222564519,43060.619031298826,,,123843,122576,30371.0,310171.7
AC,2008,26276979.38679711,109621.0,2425687.0,246808.174261368,43104.7879522765,26.26751662971175,901.8000000000001,113055,110388,32480.0,207572.7
AC,2009,26394153.086990736,128193.0,2511285.0,255607.497638228,45687.06043129266,25.117843653427947,2083.6,94431,86796,33012.0,100815.4
AC,2010,28110621.14654153,149400.0,2578460.0,299497.45838948997,46940.511446130455,25.6112,1142.6,128842,123620,35797.0,324009.1
AC,2011,23278814.49024828,168309.0,2549497.0,321449.01477377,38713.872934948755,25.197874528625302,1736.8000000000002,132201,127455,37939.0,95329.8
AC,2012,22605305.48905868,186016.0,2634467.0,386840.97997766,36530.48715433954,25.093381934161066,2414.2,146928,127095,43825.0,153155.2
AC,2013,26905714.99219597,203028.0,2697489.0,336132.86309486,43014.9282278258,25.110268891979604,1878.0,130776,128954,37296.0,152704.7
AC,2014,28995881.645117607,220310.0,2799673.0,357850.1504165,46439.84440584109,24.967562036326424,1323.8,123511,117668,36908.0,157344.2
AC,2015,31383914.81297627,235966.0,2916207.0,355522.76407392,51724.22827251587,25.547657512116317,1451.0,116587,107599,39087.0,192535.7
AC,2016,27922279.35916194,247438.0,2998969.0,348471.689941,46115.29532371832,25.89155134741442,1093.2,107294,106538,39560.0,333761.5
AC,2017,31309979.82577073,259413.0,2895028.0,343732.318183,51331.69037283935,25.677102102102104,1334.6,100543,97553,38419.0,204946.0
AC,2018,34754042.8644408,273036.0,3303633.0,341181.664552,54805.790763836594,25.773966720343534,325.4,85330,82836,35453.6,238340.9
AC,2019,60929334.7563185,287418.0,3509682.0,346585.221261,108755.48640799586,25.50096774193548,1305.4,81903,79177,37322.636999999995,296964.4
AC,2020,53933078.575428426,300437.0,3802112.0,349577.65558,108358.53325743445,,,81580,79458,40909.286,360631.6
AC,2021,65622205.597804174,313891.0,4047283.0,351196.771289,115937.93458421642,,,86542,84133,44530.272999999994,393754.8
AC,2022,74012850.03375398,327460.0,4635381.0,371687.251449,137572.78461400737,,,92287,89950,47905.835,598630.3
AC,2023,29615770.90129041,342469.0,4908956.0,374085.171144,72735.3981776368,,,97469,95060,47034.168000000005,215084.9
AL,2004,6286507.056859797,230149.0,893922.0,671618.1919856,16356.29246808471,,,652276,613794,1841966.0,6578.6
AL,2005,6369346.406209422,249637.0,985422.0,666603.8874354,13088.862588684091,,,651244,641377,1892728.8220000002,11561.8
AL,2006,6482842.839555724,272506.0,1029352.0,690852.6199013,13785.172152508556,25.82156349354778,850.5999999999999,640693,636540,1865882.106,9836.6
AL,2007,7781294.539184935,301532.0,1112125.0,704856.322635388,12799.506168017582,,,642400,634174,1927325.0,10244.9
AL,2008,6744390.368901899,335620.0,1162005.0,755459.898232114,14953.944956060766,25.67604743083004,110.4,675646,671947,1985292.0,14710.8
AL,2009,6971497.232141186,376894.0,1193021.0,784407.354191262,12625.512884966998,25.52478828107118,2208.2,650778,645213,1777849.0,13686.9
AL,2010,8453119.611956337,427077.0,1219578.0,879907.963090983,13891.36943156125,25.47657142857143,1876.6,612287,593627,1895848.0,11690.6
AL,2011,8810549.072193861,482355.0,1268304.0,964376.30905579,14307.456264636217,25.144486344417782,2246.8,599116,582528,1627283.0,8580.1
AL,2012,8488083.270067455,540763.0,1221266.0,1026183.21243872,13153.796638488764,25.1455919395466,1188.6,527082,502775,1945027.0,15711.2
AL,2013,8493127.961314432,597496.0,1251723.0,1063545.136201066,11994.882470037834,25.4087080901705,1766.2,578948,546208,2072949.0,9022.6
AL,2014,8598414.246894466,652742.0,1253121.0,1127900.162085,11445.688707623309,25.164904669482816,1685.8000000000002,567446,540405,2127647.0,4425.0
AL,2015,8561234.469237193,697027.0,1255696.0,1110841.707748811,12376.988007495149,25.562996802192778,1402.0,461581,428604,2055743.0,21367.8
AL,2016,8485819.979261182,731641.0,1189985.0,1089727.33501,11759.077101928715,25.603904826958107,1214.6,455548,404493,2041443.0,17764.1
AL,2017,9074095.964912504,768195.0,1208404.0,1074484.45823,12789.149935040297,25.406210754652356,2512.2,521140,481571,1970954.0,4305.8
AL,2018,7998005.942357924,809880.0,1247619.0,1050405.56734,12072.730763592495,25.360625785086217,1427.1999999999998,449703,409887,1667385.215,6490.1
AL,2019,8191827.253204289,863322.0,1233394.0,1068252.27979,12337.436731121845,25.686301369863013,1520.6000000000001,490459,461101,1019567.299,8029.400000000001
AL,2020,8635575.037299357,902633.0,1290414.0,1036743.16395,13641.460256018052,,,464077,442350,728269.2250000001,6251.7
AL,2021,9517384.75709146,951647.0,1321236.0,1107331.7553,14254.944392120342,,,508836,468136,1293936.7719999999,5458.3
AL,2022,9291422.57242207,1002075.0,1335493.0,1172554.20288,16553.41106704712,,,491705,424033,1537221.573,5451.8
AL,2023,10508940.506028544,1061065.0,1437589.0,1223176.50885,19841.7956614136,,,482001,439948,1730015.772,9457.0
AM,2004,66312347.85298964,265944.0,1156723.0,1744855.597488,99111.53178783544,,,181457,175371,1323256.379,436768.0
AM,2005,73270193.26245187,300071.0,1197171.0,1816585.769208,112934.19741412948,,,210503,206139,1413683.446,978434.5
AM,2006,70984030.62883371,333556.0,1243358.0,1887796.77489,106250.25660737255,28.002425908221795,2067.3999999999996,209508,203221,1533970.6510000003,714936.3
AM,2007,52489278.50882132,371392.0,1208652.0,2313306.75017038,72498.83983610848,27.85243539903956,2275.2,183247,173080,1584036.0,608830.3
AM,2008,45357162.5611882,416160.0,1312352.0,2433136.85495846,60079.83381779794,27.152420670897552,2022.3999999999999,181694,180099,1663361.0,378391.6
AM,2009,46849313.77712411,462789.0,1350816.0,2735685.9052426,66945.17765838017,29.728352490421457,0.6,184691,183826,1480710.0,407822.9
AM,2010,58537702.16566311,518880.0,1360800.0,3159996.02484785,83401.45335917344,27.33096798588354,1703.9999999999998,176815,142858,1651843.0,635055.3
AM,2011,43011745.61974986,577206.0,1439597.0,2761219.9747996,52281.23607467039,27.474739970282318,2450.6,188120,164095,1775360.0,197535.6
AM,2012,44351366.50718324,630512.0,1445739.0,2751413.8044878,54977.377746929895,27.40848422730896,2131.6000000000004,188131,153148,1816286.0,497894.0
AM,2013,54903569.85234918,686964.0,1470537.0,2657997.3071601,77463.94684878549,27.503977272727276,2291.2,176155,149224,1783888.0,212748.3
AM,2014,55550696.04578637,741211.0,1405208.0,2585900.303899,74764.14074486072,27.678922473465622,2123.8,137654,125850,1786929.0,436554.9
AM,2015,78728484.64498511,779877.0,1293325.0,2290472.49533075,120737.38682014204,28.49505368974183,1502.6000000000001,124636,118257,1670261.0,750186.8
AM,2016,109492504.75621742,803901.0,1315821.0,2016503.63722,171641.72769152976,28.2672723117358,2044.6,123625,119475,1551799.0,662898.9
AM,2017,80034579.95554182,831248.0,1343574.0,2074779.93765,116835.23546118791,27.780258750144394,2347.8,131242,128292,1594564.0,640325.4
AM,2018,75600432.03277722,867015.0,1376210.0,2111877.43805,106884.74291525924,27.726993087557602,1893.6,123073,120557,1642697.1860000002,608367.5
AM,2019,126853526.2076088,911744.0,1455842.0,2044212.50181,199292.43469403166,27.7167564469914,2296.4,123121,117817,1653878.0,971243.8
AM,2020,117296267.17724314,952199.0,1437809.0,1803814.49862,199852.47816042698,,,123071,119128,1661406.901,1047705.1
AM,2021,186302370.3842942,995170.0,1496165.0,1992330.00877,294684.12479432416,,,116071,112934,1826236.5140000002,1231995.8
AM,2022,205311118.3928149,1049810.0,2029011.0,2117500.73322,345363.5819283699,,,120030,118008,1945213.0,1561958.2
AM,2023,92920157.31573524,1109143.0,2377089.0,1998506.46858,183452.99417194852,,,121758,114401,2024316.0,1104446.7
AP,2004,3607639.937653594,48495.0,82243.0,278429.338093,3122.93226640626,,,14667,13735,23236.0,133278.6
AP,2005,3067738.9136022897,56076.0,96599.0,309054.967956,2451.234341363525,,,16635,15868,32421.282,73174.0
AP,2006,3161695.913556805,65026.0,109081.0,302671.095188,2901.2284840209977,,,16289,15362,48121.78,61920.7
AP,2007,3321903.4603593806,74621.0,103170.0,335975.14875211,3479.552514331057,,,17871,17306,50938.0,54772.200000000004
AP,2008,4026452.140438001,85768.0,95803.0,361146.49462711,5245.79550960084,,,21079,21048,53002.0,77570.1
AP,2009,4304161.721305871,98602.0,104977.0,417148.45841425,4965.366858709718,,,23520,23290,37809.0,86698.1
AP,2010,3705752.691345386,114144.0,114773.0,454086.06875931,2748.644719952391,,,25387,24694,34637.0,32785.0
AP,2011,3637065.5858020745,129086.0,127499.0,517887.95917791,1992.4172706604015,,,25564,22373,34702.0,46293.3
AP,2012,4228806.597067775,139933.0,142825.0,636179.35968376,2876.4798140747075,,,24688,24268,36580.0,82230.9
AP,2013,3950591.6286485847,150956.0,154967.0,656041.81710147,2831.235010882566,27.195912806539507,49.8,28120,27893,38007.0,55487.9
AP,2014,4523349.356828888,163008.0,167529.0,664650.3865559,4276.342450738517,27.05683789954338,2422.4,43172,41258,39221.0,56728.4
AP,2015,3958983.0880265646,172245.0,89682.0,445973.66477534804,6067.728971850562,28.03852602846559,535.0,34499,33704,37372.0,104784.3
AP,2016,7614345.034755352,177480.0,76379.0,308146.473029,15054.443079730294,27.58076529867095,1342.4,37651,36232,47403.0,84724.2
AP,2017,3732565.575697311,184025.0,66921.0,302800.307311,6387.574280749521,27.155402298850575,1910.4,42260,41630,61741.0,67231.9
AP,2018,3271708.496476088,192524.0,55422.0,287443.652202,4079.3698915771633,26.77639787264626,2486.2,36828,35761,87699.916,39175.1
AP,2019,3652935.022779369,202686.0,54296.0,311224.250928,5413.579847583005,27.44271592091571,2274.8,37334,36306,106093.0,42094.7
AP,2020,2770261.5001513595,212436.0,54684.0,327736.797146,2768.803815155032,,,38679,38242,106653.16700000002,21851.5
AP,2021,2578993.683228211,221074.0,52768.0,341571.151769,2248.8877572326646,,,28338,28113,109250.611,20847.7
AP,2022,10929418.01544644,229125.0,53691.0,346250.240725,19908.48123898919,,,27260,27184,103092.57400000001,30336.6
AP,2023,6021088.352643807,238723.0,54842.0,336975.496375,11323.939979205326,,,25889,24631,42435.496,83661.3
BA,2004,104088325.01396386,1153276.0,10466163.0,4453720.21305,475833.25029879296,,,4671230,4435445,9485278.227,1272039.4
BA,2005,93857893.34964857,1268954.0,10463098.0,4467863.10604,382039.7987638978,,,4833599,4627622,9639908.942,1294693.9
BA,2006,88719774.75486091,1399382.0,10764857.0,4661327.81038,364454.96339058835,27.24145531400966,124.00000000000001,4839023,4502976,9587888.208,530028.4
BA,2007,86318363.79549345,1563479.0,11385723.0,4930615.05516239,350840.03849372035,28.132484492327784,999.1999999999999,4808188,4488811,10256728.0,2382569.6
BA,2008,101273333.977338,1767102.0,11099880.0,5585791.884237447,408163.50130838365,25.054019230769228,634.5999999999999,4860058,4516911,10769582.0,1628530.8
BA,2009,95992646.53422396,2001414.0,10230469.0,5563934.6722553,390027.4508281248,25.877495400183992,936.4000000000001,4775228,4532952,9472812.0,533476.4
BA,2010,87120287.10990629,2267296.0,10528419.0,6009547.4373904,331613.9737458001,25.5382322713258,1477.8000000000002,4691980,4546575,10334244.0,1398201.7
BA,2011,90169363.84153607,2538527.0,10667903.0,6292085.63601,364750.3860543879,25.060682781532822,1761.6,4904232,4572010,9334121.0,1081144.8
BA,2012,99337308.46209756,2824597.0,10250975.0,6858743.4822578,440128.86878644425,25.442225262197905,1058.1999999999998,4397344,3973317,9602149.0,1808079.9
BA,2013,102996272.34521157,3099264.0,10828409.0,7397504.1604852,457385.84635863005,25.929211726384366,1759.8000000000002,4515117,4198595,9902533.0,529950.3
BA,2014,92494813.28910124,3359699.0,10824134.0,8084199.11855,382221.94538798823,25.439780085522298,1440.3999999999999,4902220,4579150,10683989.0,598204.3
BA,2015,85433893.24772629,3568326.0,10758372.0,7492442.48165,346783.51015981415,25.936891984471337,1441.8,5032413,4846152,9450773.175,1593228.8
BA,2016,84311342.00512448,3725116.0,10363291.0,6901898.4601,299817.39450770913,26.174760184377728,1110.0,4574500,4315806,8628020.235,374428.7
BA,2017,78668624.15476108,3883763.0,10037814.0,7051407.56284,301990.8103270566,25.625145664343655,1597.2,4075524,3824862,8964530.919000002,509030.4
BA,2018,86972207.11365575,4051383.0,9923931.0,6892076.86493,327323.0753975763,25.45351994311203,1283.1,4127884,3977002,9281484.498,317817.4
BA,2019,92658441.55471931,4237842.0,10214863.0,6963228.12522,378793.76013402035,26.0184662138005,1581.8,4122259,4012783,9237346.946,534494.5
BA,2020,100302355.98405272,4403458.0,9748632.0,6760290.19878,426132.0618198653,,,4139407,4094295,9172165.451,640488.7
BA,2021,112067043.71933933,4583005.0,11755096.0,7238693.86196,453106.6162740056,,,4200124,4146367,9454169.801,1637257.5
BA,2022,120289305.5695924,4765676.0,12526243.0,7046153.94628,550260.6804056619,,,4377527,4340110,9605372.518,728509.2
BA,2023,134962851.35631758,4987181.0,13290719.0,7554887.73057,594994.1745815708,,,4590303,4522809,9619949.117,823073.5
CE,2004,20122183.02909877,880903.0,2269567.0,1531731.9130519,155402.76522694653,,,1895118,1875313,1863272.455,698235.7999999999
CE,2005,26390888.06591555,950804.0,2299233.0,1582309.2445004,149152.93382759346,,,1744157,1740442,1949812.3869999999,504270.7
CE,2006,23603929.845816977,1043045.0,2352589.0,1720709.9533004,149219.95450382048,27.168501170960187,84.6,1858769,1858755,1930622.3080000004,373126.4
CE,2007,23443747.448856004,1166341.0,2424290.0,1838969.76869865,122744.55951839594,26.964684777037416,1120.3999999999999,1942332,1932592,2034013.0,432226.5
CE,2008,22783884.029310595,1302813.0,2460523.0,2065979.58049985,111965.33745393065,26.681095679012344,369.2,2013268,1977223,2047273.0,480927.5
CE,2009,21396443.2647872,1471171.0,2494482.0,2141220.08182256,121716.56977995604,26.627644652250147,2341.2,2076295,2028803,2072258.0,287670.3
CE,2010,24943942.973534588,1687529.0,2546134.0,2438512.04497592,101325.2550372314,28.28455314453843,224.0,1769310,1767471,2223896.0,233822.1
CE,2011,24046808.8252807,1919970.0,2614604.0,2598719.37527144,101501.96711663197,26.948262818716724,968.8,2084945,2084945,2313300.0,238220.5
CE,2012,24666791.09755858,2134935.0,2714713.0,2917659.54216972,106997.8253696167,27.308670095518,729.2,1732234,1681170,2383024.0,220863.5
CE,2013,28734313.952089146,2349817.0,2591067.0,3231667.59321318,110989.05063502803,27.47878718535469,902.2,1364914,1357664,2498317.0,149404.1
CE,2014,33414192.52724788,2558450.0,2597139.0,3529552.510367,93663.48498845831,27.247847927845648,1070.0,1505816,1503104,2459488.0,113363.7
CE,2015,32122307.507984757,2736791.0,2516197.0,3493002.80775388,97783.05922131952,27.234311486640788,1307.7999999999997,1508414,1492991,2476027.0,152460.4
CE,2016,30444532.881744392,2864207.0,2426408.0,3352217.58408,90769.72555676261,27.96256959314775,835.0,1438053,1435573,2763097.0,232862.3
CE,2017,31808874.670014277,2977426.0,2287400.0,3263870.5993,97602.54186068724,27.286200983194238,1425.3999999999999,1521932,1521661,2447663.2939999998,194668.1
CE,2018,28991951.205059588,3097755.0,2403371.0,3215954.83428,107497.77163887935,27.117304569705404,1509.8,1471602,1469310,2390617.161,144932.4
CE,2019,32527972.52261111,3229527.0,2479289.0,3260256.46871,115700.09072827139,27.347876022655758,836.5999999999999,1372558,1365496,2582378.892,239488.2
CE,2020,28755681.92824536,3338259.0,2552916.0,3044909.4143,123165.0306603942,,,1385916,1384688,2390617.1640000003,209163.1
CE,2021,35114506.31979734,3451913.0,2607005.0,3241798.84503,137311.64396707754,,,1408135,1408091,2770974.512,254642.3
CE,2022,31469280.294899724,3560899.0,2681690.0,3363470.94727,157171.52484388417,,,1441140,1440333,2755913.6330000004,201080.2
CE,2023,35363140.00339124,3684757.0,2772173.0,3536840.9968,194417.56930669,,,1455450,1452932,2805105.041,380505.6
DF,2004,5475240.438554969,764714.0,114680.0,1558463.1980702,4032.9905655090306,,,113182,107471,413123.768,14050.8
DF,2005,5428789.737660328,811039.0,102320.0,1564637.242853,3191.4190234069856,,,125313,125197,431544.461,4486.700000000001
DF,2006,5381673.187549988,874713.0,98740.0,1601532.9741809,2422.0883678039536,20.887773442118956,1580.2,124876,124725,458108.418,4678.8
DF,2007,5678007.831345214,956436.0,101590.0,1704860.50137528,2189.0300420593308,21.651319957761352,1099.6,128440,128264,498172.0,20641.6
DF,2008,5740211.439793736,1038772.0,80000.0,1805858.9827757,2555.9825190124484,21.184373204642075,1574.8000000000002,132665,132474,549683.0,7105.4
DF,2009,5914045.16268586,1130568.0,102000.0,1897954.06274223,1857.653247375489,21.30182828049063,1688.0,122142,121900,580316.0,5227.0
DF,2010,6631357.774559229,1225881.0,100600.0,1989891.42941656,1608.8411983703616,21.616499705362404,1312.4,119198,118952,634350.0,31452.1
DF,2011,7215068.936636336,1311693.0,98000.0,2084163.54922629,1488.3482281616205,21.057353445320537,1457.0,127644,127634,675370.0,17886.8
DF,2012,7609741.601389112,1399992.0,100069.0,2141419.75903317,1695.9130428833005,21.284377848678215,1307.4,134905,134905,732834.0,6930.2
DF,2013,7882763.199581262,1488855.0,101452.0,2286081.42790786,2253.4108601379367,21.25979405034325,1595.4,136665,136665,783957.0,3441.4
DF,2014,8636682.22406498,1562401.0,100056.0,2418396.062572,2660.558129791257,21.37123287671233,1474.8000000000002,175023,175023,804834.0,14164.4
DF,2015,8834661.593876693,1623894.0,96576.0,2428033.71072406,2634.140456518561,21.992568031099932,1087.6,161011,160622,733048.0,7022.1
DF,2016,8046813.88970858,1672825.0,96265.0,2324765.6811699998,3034.0353095336854,22.044813844927702,1140.8000000000002,166489,166419,613241.0,10443.6
DF,2017,7857851.796545397,1723782.0,93141.0,2315662.98554,2542.5844134765603,21.474417808219176,1292.0,162894,162894,526776.0,19797.8
DF,2018,7155918.539988806,1783204.0,90199.0,2132462.8654,2493.2622325561524,21.250746097337007,1702.0,165073,164900,512234.859,3080.9
DF,2019,7157496.272482136,1853925.0,84425.0,2195112.26667,2651.7959638732937,21.964078225068622,1369.3999999999999,165445,163915,522325.0,10819.0
DF,2020,6478377.757763425,1902063.0,84225.0,1797015.54929,2756.505616436769,,,171565,171535,592471.0,8005.2
DF,2021,7215262.242987571,1946591.0,85771.0,1910755.4916,2407.8295819702143,,,166865,166835,635990.0,15117.0
DF,2022,7210608.473460882,1987590.0,85544.0,2037777.3281399999,1882.1539672912559,,,173955,173925,618928.0,16026.0
DF,2023,7274556.750461329,2048098.0,83061.0,2161887.26414,2789.6922279357914,,,175965,175965,590185.0,2915.1
ES,2004,19084663.88716426,673143.0,1925596.0,1636653.40638,15091.134533349608,,,795406,782074,3948297.9740000004,5809.0
ES,2005,18568918.93998621,732109.0,2026690.0,1920486.90298,10371.737940002444,,,789128,789050,4179524.119,6453.6
ES,2006,19701738.844961293,805790.0,2119309.0,2078447.74917,12058.133244873039,24.791157894736845,535.3999999999999,769873,769841,4358751.363,15110.7
ES,2007,25808194.88066482,907190.0,2142342.0,2133668.274398807,12410.30536721802,24.20268663541786,809.0,747425,747298,4450743.0,26346.9
ES,2008,23818104.46855134,1022846.0,2120017.0,2109202.889958321,12478.389656799314,23.91889220868766,1508.2,733297,733091,4368452.0,12186.2
ES,2009,24712771.79364225,1131836.0,2187235.0,2076816.1347936501,13505.24672043456,24.625011441647594,1905.0,726017,725997,3539186.0,4847.3
ES,2010,28639714.048798405,1228434.0,2195406.0,2201757.093353326,15799.765285198982,24.267850616719965,1429.8000000000002,692698,692680,4693683.0,8086.4
ES,2011,30951856.904069908,1330385.0,2223262.0,2194553.6154982,13856.908878369133,23.634503258259976,1732.0,694209,694202,4961461.0,11080.9
ES,2012,31692487.971824244,1440999.0,2285345.0,2418767.95806101,15067.92425323487,24.097298529579387,1862.0,687664,687599,4899050.0,10939.8
ES,2013,34305865.823283754,1541045.0,2313445.0,2666315.31376955,15751.39898740845,23.96962344054023,2207.0,675834,674028,4995217.0,6677.4
ES,2014,34523346.73197899,1637949.0,2295624.0,2841503.829029,17940.76618026735,24.2509449370042,1109.8000000000002,658030,657624,5118085.0,9010.4
ES,2015,35107749.258349165,1706683.0,2223531.0,2704680.10013123,20691.14245642097,25.144331288343558,783.8,652000,644523,4900719.0,36720.2
ES,2016,33881927.256078325,1758104.0,2044771.0,2358888.35647,16904.46794368897,24.76916771034954,1020.4000000000001,616289,613805,3830181.0,36916.6
ES,2017,33118402.770128854,1812220.0,1937604.0,2420502.48007,15789.246828131105,23.974651457541192,1224.2,584314,584247,3891372.0,5473.6
ES,2018,31841472.74151465,1877231.0,1976903.0,2445892.19266,13047.812571667495,24.23883106485188,1796.8000000000002,567298,558885,4143898.0,4471.6
ES,2019,30152089.10767513,1948335.0,2006027.0,2427802.32728,11427.953155004881,24.83454167628723,1523.1999999999998,558348,558258,4007130.2200000007,24954.6
ES,2020,30320720.06090762,2011766.0,2106299.0,2430508.49079,10120.792908978276,,,565189,565046,3773783.801,9196.1
ES,2021,33070582.526092924,2089853.0,2213129.0,2899497.2071,8624.285086236563,,,578997,578947,4125179.934000001,14130.6
ES,2022,31014781.5366848,2173788.0,2231036.0,2690345.27938,16380.626014636226,,,599842,599778,4044776.611,12035.8
ES,2023,29566932.231589705,2277280.0,2179082.0,2720646.71115,13155.546896154763,,,609649,609499,4368022.234,19664.0
GO,2004,97447994.23550408,1282510.0,20419803.0,3396094.32184,246785.2670903866,,,4307207,4289294,2726024.6879999996,377149.60000000003
GO,2005,87316640.39609797,1390292.0,20726586.0,3397172.3463,192018.26767927868,,,4325931,4304529,2859429.4439999997,239580.9
GO,2006,79876666.66367868,1514700.0,20646560.0,3517440.47324,151986.4647467955,24.49419239904988,1651.6,4076892,4065639,2869581.513,148281.6
GO,2007,77582912.2489461,1695594.0,20471490.0,3922746.59651074,136792.57182243638,23.779986236953782,1013.8,3955025,3952008,2861412.0,614448.6
GO,2008,78300066.89494482,1908710.0,20466360.0,4386716.99333848,143206.6327040222,23.02238961640978,1673.6,4225916,4208223,3084438.0,242016.4
GO,2009,78059133.36780606,2106915.0,20874943.0,4431977.2368409,126615.29256985472,23.47214471506266,1628.4,4446666,4443982,3279931.8000000003,105740.0
GO,2010,81279872.28531551,2325634.0,21347881.0,4904752.5641585,125121.2855033508,23.722186421173763,1231.0,4510098,4509824,3281451.0,844524.7
GO,2011,79777209.72844885,2559667.0,21744650.0,5158478.1470573,121801.2490788086,23.187862068965515,1287.8,4926515,4919111,4029144.0,303557.8
GO,2012,84951469.09240024,2791397.0,22045776.0,5714176.4456251,151387.7620887269,23.393868629932133,1710.2,5282270,5281966,4665310.0,306428.1
GO,2013,86265927.22177176,3011171.0,21580398.0,6295894.7460288,166805.4268667114,23.396428980199154,1761.0,5635281,5634651,5156287.179,132187.1
GO,2014,87231517.3258291,3209732.0,21538072.0,6698647.89354,143187.76822033073,23.62230593607306,1412.0,6135462,6135201,5270892.102999999,262898.9
GO,2015,87424880.85823096,3354627.0,21887720.0,6468511.9295945,137336.66663612664,24.336680374685855,1105.3999999999999,6125209,6114291,4939174.529999999,349468.0
GO,2016,83628724.38317564,3456168.0,22919070.0,5969062.44755,119850.88614148562,24.146448087431693,1254.6,6345627,6049297,5383293.2,274631.3
GO,2017,84387238.98482083,3562117.0,22835005.0,5998266.14581,116582.11987420656,23.83220319634703,1268.0,6436529,6431544,5409447.380000001,399035.5
GO,2018,83654647.90696114,3687786.0,22651910.0,6141260.97198,109125.16940338747,23.6241894977169,1324.6,6351417,6344144,5574649.199999999,155080.4
GO,2019,87382690.46974139,3819847.0,22823401.0,6371831.67378,124424.20918692625,24.34251626898048,1212.8,6676276,6663002,5604513.001999999,572458.4
GO,2020,90726655.86524054,3948656.0,23626608.0,6339203.44873,131466.14597794806,,,6935757,6929925,5799028.934,445663.9
GO,2021,90019822.89279239,4094391.0,24293954.0,6687275.87408,133560.96414757692,,,7356576,7327842,5908728.885000001,342158.7
GO,2022,91769903.7415894,4246141.0,24410182.0,6853617.9154,131068.79616319582,,,7680156,7638596,6032719.116,246767.2
GO,2023,92831967.00270791,4409581.0,23729878.0,7178385.04148,160598.2010982728,,,8454190,8454151,6161975.658,121676.9
MA,2004,133753348.13305517,315082.0,5928131.0,1343617.991119,376726.5041738641,,,1553114,1551916,6745130.393999999,2392479.4
MA,2005,131997429.68565242,359154.0,6448948.0,1404348.35081,346820.2616469246,,,1640447,1627381,6869387.496,2188210.2
MA,2006,129652575.89574766,408735.0,6613270.0,1455531.02864,348928.2260331543,27.029332767882387,1438.6,1644964,1637776,7616225.086,1339710.9
MA,2007,134014497.03667632,477516.0,6609438.0,1609112.3563853,377906.48448899435,26.806228986020173,1677.0,1657791,1652648,7951563.0,2892147.5
MA,2008,130671315.73492138,558006.0,6816338.0,1866595.92102188,325128.3247297361,26.76352972540656,2005.0,1667117,1666510,8038281.396000001,1435043.2
MA,2009,96849035.43370128,659988.0,6885265.0,1839366.39814595,257214.74529177236,26.719192052980137,2395.0,1624638,1596422,7598496.0,1087072.9
MA,2010,87310974.86020853,789692.0,6979844.0,2140613.88430475,229693.42880433952,27.478362419629967,1566.0,1767136,1751480,7882472.0,2063491.7999999998
MA,2011,93907076.02882189,935011.0,7264106.0,2384576.876021641,233114.58852375465,26.846948356807513,1877.0,1788427,1788327,8111262.0,960325.8
MA,2012,115968724.44143006,1070613.0,7490942.0,2705060.82603106,308173.09854483017,26.975595034734088,580.6,1830190,1810460,7372669.01,1950781.0
MA,2013,118902883.20531072,1204896.0,7611324.0,2830232.23489039,315563.7053327885,27.176882039122702,639.4,1878533,1863771,6190444.0,946196.1
MA,2014,98316208.93006957,1332639.0,7758352.0,3258646.77518,261402.45402469457,26.695973490058773,1660.8000000000002,2006386,2005779,3500867.0,1329292.1
MA,2015,106302230.84583925,1445403.0,7643128.0,3305967.420478602,306942.93764718005,27.06479725870931,1444.2,1829731,1829354,1593478.0,1685353.3
MA,2016,106634722.13898696,1525597.0,7653870.0,3001190.58333,306009.0004003476,27.333135959918014,1489.1999999999998,1597851,1584338,1114852.0,1301604.4
MA,2017,95589321.1732568,1601140.0,7687695.0,3107747.0988,255483.9962086121,27.045955184200533,2123.4,1810133,1803687,1150900.0,1615383.2
MA,2018,93019999.00200804,1676798.0,7793180.0,3115587.4724,265091.6978859309,26.539492712039483,2246.8,1821742,1819981,1296830.9880000001,707733.6
MA,2019,105652490.46481438,1754708.0,8008643.0,3086752.5963,349095.1864002566,26.909345562716908,1868.2,1722710,1721828,1548462.9430000002,891919.5
MA,2020,119382331.4324789,1830681.0,8323445.0,3185679.34891,427076.7181610502,,,1719056,1719030,1592658.7260000003,853403.0
MA,2021,117197000.87619492,1912188.0,8561509.0,3529295.85311,362762.8375474316,,,1810803,1810779,1697160.9650000003,734705.3
MA,2022,153841142.33336234,1999010.0,9428128.0,3351960.5829,431776.43176756275,,,1921234,1920950,2828683.994,1017869.8
MA,2023,173423805.72165483,2096106.0,10128610.0,3529492.39196,565692.8474032269,,,2015448,2015293,5894951.161,1018096.2
MG,2004,170381652.50843292,4043690.0,21622779.0,10199613.66202,355626.1046614074,,,4813757,4719607,29883949.043,554594.0
MG,2005,172947359.73980796,4333066.0,21403680.0,10442629.28462,296841.84798399074,,,4822071,4812335,30106627.952999998,621489.6
MG,2006,169466448.81133482,4692880.0,22203154.0,10612727.77033,283016.68795240455,,,4724964,4578337,29367495.377,271778.3
MG,2007,171395024.75335884,5159396.0,22575194.0,11397193.823139701,264147.9054192629,,,4598477,4568217,32610430.0,1094108.2999999998
MG,2008,171194933.69144025,5714017.0,22369639.0,12035190.9826373,263565.67257361463,,,4740522,4703626,30670488.0,645151.4
MG,2009,159978380.21823394,6250012.0,22469791.0,12034550.0216435,251375.47076499622,,,4789178,4772071,26264375.0,175947.8
MG,2010,165559211.94286287,6858874.0,22698120.0,13175945.1636439,238198.3642650147,,,4844245,4806876,31515027.0,618534.2
MG,2011,167071156.936903,7499629.0,23907915.0,13564120.8030937,250426.728256482,,,4951412,4917082,32492120.0,552823.2
MG,2012,174059290.63480556,8116096.0,23965914.0,14099664.9389622,278937.62708082254,,,5099200,5032492,31186425.0,572310.3
MG,2013,181230094.36433417,8687869.0,24201256.0,14857864.290757399,294865.66919748497,,,5293965,5190990,30404085.0,225954.3
MG,2014,175856321.90967992,9221532.0,23707042.0,15481047.88088,267214.38163212885,,,5466054,5368786,29268148.0,554016.2
MG,2015,172766415.25856912,9646275.0,23768959.0,14965635.8394424,240702.30472234517,,,5427622,5334772,28150055.094,547347.9
MG,2016,164322115.77846748,10030301.0,23637803.0,14660926.9518,219066.72259696046,,,5534141,5373130,29283535.0,297820.4
MG,2017,156978851.40636256,10447805.0,21971713.0,14750539.3757,207031.95280625008,,,5296173,5240285,29142398.82,424749.5
MG,2018,154615333.65854168,10909195.0,21810311.0,14603613.46205,193865.3646844727,,,5351586,5311185,30999108.950999998,206586.1
MG,2019,155728178.8349372,11425626.0,22020979.0,15100212.2681,211114.38980161143,,,5627003,5560336,29760306.745999996,511927.3
MG,2020,156907583.341498,11727162.0,22165606.0,14510662.34882,232289.76849072878,,,5833639,5800675,30022657.889000002,533350.4
MG,2021,166520812.04363894,12154860.0,22856143.0,15059858.32145,242725.8775768858,,,5997992,5944278,32993783.600999996,769141.0
MG,2022,165199757.31894073,12664229.0,22993105.0,15606775.89611,278217.76327789295,,,6265143,6249522,33462066.712000005,326338.4
MG,2023,169755224.1373726,13097210.0,22498415.0,16490852.04612,285368.5006399293,,,6680134,6679784,34219856.754,245587.0
MS,2004,101031387.39866675,548319.0,24715372.0,1600617.260775,166896.60258879408,,,3014269,2979375,866091.351,407636.4
MS,2005,90999457.24720035,595185.0,24504098.0,1466023.0831136,146789.82286154188,,,3121663,3009341,890115.979,966656.6
MS,2006,85784389.3417899,642860.0,23726290.0,1388107.59031024,129464.9270961486,23.653827949355104,1260.6000000000001,3009887,2998133,880239.141,210359.3
MS,2007,73673589.48534924,707021.0,21832001.0,1511504.611448332,102393.27668198248,24.29986958789776,1402.6,3038492,3031332,947406.0,756595.7000000001
MS,2008,74458628.58423772,780777.0,22365219.0,1714296.995235025,91632.09061772446,23.422025979945307,1300.0,3243122,3217211,1041540.0,222822.7
MS,2009,70513222.59969905,854735.0,22325663.0,1757893.8046186,77904.83381233519,23.457611803728696,1704.8,3211129,3100205,969974.0,365909.7
MS,2010,72152909.70690279,940955.0,22354077.0,1896036.2271346,77469.2649884216,23.495915886714474,1202.6,3250262,3248610,997740.0,446987.5
MS,2011,68103567.6110279,1029930.0,21553851.0,2029827.8980915,72492.7609155212,23.7107303877367,750.1999999999999,3502153,3439922,1053510.0,213740.2
MS,2012,69903183.30886544,1118858.0,21498382.0,2220173.4655056,73239.04961464234,23.997688190411115,1659.6000000000001,3818904,3816618,1152727.0,484465.2
MS,2013,72904933.43630342,1209609.0,21047274.0,2443636.8928413,72310.86405546263,23.473699256718124,1741.0,4323407,4315144,1346070.0,182618.0
MS,2014,72975237.07497579,1290979.0,21003830.0,2574918.19513,64912.33209419566,23.858390410958904,1523.8,4557084,4555459,1236451.0,84899.1
MS,2015,72569047.3972728,1353633.0,21357398.0,2554356.0409055,62375.26259248033,24.29342390683868,1513.0,4749875,4743631,1154696.0,243882.7
MS,2016,71978140.07689397,1403898.0,21800990.0,2439464.02987,73346.0827257629,23.5237639553429,1590.6,4945499,4899405,1083027.0,301249.4
MS,2017,71327805.95187014,1458423.0,21474693.0,2329181.70724,67491.64699279169,24.023524027459953,1694.1999999999998,5284089,5282706,1144361.0,293747.6
MS,2018,69768939.59222779,1518294.0,20896700.0,2405373.59422,64663.322955273434,23.714774186019376,1145.8,5476878,5467545,1251544.046,122948.2
MS,2019,71831365.191455,1580276.0,19407908.0,2532682.9617500002,102394.0600842346,24.583114210586487,1255.1999999999998,5794832,5791872,1351538.254,911885.0
MS,2020,74616807.47626238,1632301.0,19027086.0,2598867.17095,118538.84535050081,,,5956921,5956336,1455218.8260000001,906413.1
MS,2021,78816101.78642882,1683191.0,18608503.0,2892017.71113,144043.88338245254,,,6405809,6175166,1545146.21,990069.6
MS,2022,70305990.39539708,1737039.0,18433728.0,3009673.00234,101403.85540820296,,,6974244,6925653,1570462.926,138494.8
MS,2023,79207643.26045677,1799431.0,18891916.0,3189928.2630000003,151436.21891215173,,,7276597,7276371,1624239.715,291838.0
MT,2004,762821853.360859,582324.0,25918998.0,2649783.4706987,1485645.4520619463,,,7991662,7973012,1134875.6970000002,9687170.6
MT,2005,589493006.6995733,645278.0,26651500.0,2353131.4404706,1100271.2883230278,,,9050078,8989823,1162068.211,6866943.3
MT,2006,364946741.0739909,699819.0,26064332.0,2157486.916234096,697167.4314737233,26.38340695748206,1114.6,8063237,8042909,1178801.768,3953963.6
MT,2007,272362867.65698934,782740.0,25683031.0,2332256.46567418,506349.5241438968,26.22488442742042,1568.2,8048076,8042299,1390199.0,6780038.1
MT,2008,292040983.0819918,901001.0,26018216.0,2705595.8111762,562412.5664363223,26.805792773962374,888.2,8915914,8877880,1522235.0,2037772.6
MT,2009,175141873.90271524,1011740.0,27357089.0,2849150.0971353,319790.5886933468,26.334681357205458,1345.4,8822248,8757373,1613085.0,687846.7
MT,2010,173071532.86796302,1127818.0,28757438.0,3060135.4097188,295995.60257106984,26.52528510915608,1056.4,9433038,9428195,1630982.0,5049991.100000001
MT,2011,222939529.4797767,1253374.0,29265718.0,3239783.4388319,390447.56922841165,26.67609614956599,420.8,9941283,9937437,1849332.0,1197164.1
MT,2012,197600019.3659989,1372264.0,28740802.0,3735433.0235474,373816.01205416827,26.547984054669705,1495.8000000000002,11319172,11318857,1993502.0,2002179.4
MT,2013,250575952.35877663,1498718.0,28395205.0,4071233.0308298003,472023.62446603074,26.31962242562929,1264.1999999999998,12779375,12760017,2188468.0,1017737.9
MT,2014,225923582.3984453,1622237.0,28592183.0,4187641.12809,422725.62014428683,26.663230409644484,1701.6000000000004,13613926,13552610,2222390.0,1724706.4
MT,2015,248465171.09833968,1716902.0,29364042.0,4233964.1948702,458228.62929373793,27.253950673669785,916.2,14143427,14112886,2047989.0,1821127.9
MT,2016,212761358.19761655,1798326.0,30296096.0,4074970.08517,382263.44327811897,26.158053347012054,1467.8000000000002,14551044,14297088,1912295.0,1692788.9
MT,2017,220687740.62057945,1877540.0,29725378.0,4292088.95798,379006.0735719906,26.72155792276964,983.5999999999999,15619823,15586181,1997669.0,2154788.7
MT,2018,231969553.6890503,1983804.0,30199598.0,4464448.92039,381114.3038067019,26.1109681372549,1416.1999999999998,15523336,15515876,2086617.4810000001,1051728.6
MT,2019,278904083.3796229,2100469.0,31654882.0,4680191.55863,501520.967903357,27.365117408906883,1081.8,16640532,16632047,2172891.782,2301110.3
MT,2020,243673344.16913,2200954.0,32338031.0,4863027.10076,458656.64068759844,,,17188641,17187508,2284522.362,4093720.1
MT,2021,264612181.8816111,2309187.0,32424958.0,5188029.45003,446247.5650924515,,,17968089,17954671,2286669.152,1588327.0
MT,2022,336848300.06839675,2418010.0,34246313.0,5489967.07459,619816.1868316218,,,19166183,19158124,2393044.3489999995,2188381.1
MT,2023,298571092.75983113,2531009.0,33994004.0,5846224.71876,594326.0628440611,,,21260667,21256358,2459425.832,1565366.5
PA,2004,653297314.7413914,433794.0,17430496.0,2673728.96314,1166305.5778523027,,,1263017,1256329,9147098.528,6026930.7
PA,2005,523687283.1517514,488211.0,18063669.0,2742704.68873,921693.6546081615,,,1302745,1293294,9390172.033,5664704.8
PA,2006,500050764.85917467,543709.0,17501678.0,3084390.28857,881197.9366093052,27.326077700904733,1983.1999999999998,1239015,1224421,9886671.615,4238625.4
PA,2007,425265223.96253306,622603.0,15353989.0,3318355.50109305,736860.094355385,26.411759743546483,2328.0,1205822,1199651,10360895.0,5163497.3
PA,2008,431587721.2577786,722745.0,16240697.0,3374953.46082249,766911.2001839556,26.947017445132243,2622.6,1148344,1140569,10587526.0,2935981.1
PA,2009,305178123.4579136,832195.0,16856561.0,3383827.8105426,501423.9879620507,26.74600217733156,3216.7999999999997,1103914,1083835,10328045.0,2152110.3
PA,2010,263816142.73005325,951590.0,17633339.0,3646043.8829936,415486.5901340411,27.154544415228077,2821.8,1049384,1046680,10925228.0,3855117.0
PA,2011,229223085.0652584,1088707.0,18262547.0,3920434.2202549,367493.86897105025,26.680172910662826,3202.0,1051399,1051117,11697322.0,1169270.9
PA,2012,238745127.42903483,1242341.0,18605051.0,4350723.8633505,398472.74226195674,26.53877145860096,3069.6,1081692,1081538,11553793.0,1930930.5
PA,2013,275266825.3962799,1401755.0,19165028.0,4518600.1366604995,472916.8465601988,26.769498511564002,3011.0,1149309,1148739,11425188.0,904966.3
PA,2014,260838678.34529525,1555858.0,19911217.0,4862503.232004,463980.8678085144,26.729050213169113,3061.3999999999996,1251235,1249770,12085275.0,1743228.5
PA,2015,297073765.34908694,1690137.0,20271618.0,4972365.7615579,546862.2476726208,26.95199158976755,2756.0,1469263,1468661,12349177.357,2273791.7
PA,2016,358915895.15797746,1791589.0,20476783.0,4738742.79076,610832.4887009093,27.119391938055113,2815.8,1567967,1565725,12671931.6,1425738.5
PA,2017,296520277.6575735,1879916.0,20585367.0,4755482.02494,475431.3548439208,26.88198457465178,3275.0,1728939,1725643,12765877.0,2761144.9
PA,2018,334548164.83325016,1973259.0,20628651.0,4455127.19343,531542.143207392,26.594376864815242,4172.8,1703136,1698250,10622283.298999999,1112253.8
PA,2019,422834068.2564558,2075706.0,20953429.0,4708141.33658,761054.5341746501,26.809902801600916,4268.0,1820267,1806069,10818625.102,1802957.8
PA,2020,410878073.3020445,2181155.0,22432348.0,5025527.5296,760085.3297543569,,,2015845,2010218,11944002.908999998,2371932.5
PA,2021,538918537.2644329,2299704.0,23921005.0,5369954.45241,865949.4322958007,,,2159317,2158669,12969276.958,1417830.4
PA,2022,439050427.7988199,2421167.0,24791060.0,5470327.05402,824100.0175981271,,,2313220,2311915,13071569.783000002,2454267.0
PA,2023,312260528.9059793,2564227.0,25040621.0,5623580.896269999,785953.1871715891,,,2548193,2543535,13919072.659,1929870.4
PB,2004,8500014.339999562,346665.0,1000199.0,831010.194365,39037.837445391844,,,685470,624392,1019872.3600000001,56728.1
PB,2005,8248333.271842221,376179.0,1052613.0,820476.1416387,37650.13705235593,,,601405,578641,1091125.18,49802.2
PB,2006,8596459.182632335,416296.0,1092792.0,849211.0988889,34137.911517590335,,,648222,644704,1146920.1840000001,54452.5
PB,2007,9357093.529149028,472597.0,1139322.0,928402.033032436,34564.82077393796,25.56988740507986,444.19999999999993,600432,589487,1244318.0,50302.700000000004
PB,2008,9460963.771904051,538414.0,1202363.0,1009671.793078882,37462.92234907223,26.02003647139275,2142.4,661212,632884,1271962.0,50379.4
PB,2009,8764581.50377765,607803.0,1236276.0,1059683.90907813,45364.07670360111,26.235573620334325,2468.7999999999997,653811,629012,1243382.0,56426.1
PB,2010,10141541.272459462,693058.0,1242579.0,1170591.996638186,37270.959742285224,27.021267723102586,873.8000000000001,443010,384802,1392310.0,34310.7
PB,2011,10349492.186004523,787698.0,1354268.0,1268235.569643044,42532.33151802363,26.148884165781084,1696.2000000000003,566622,545687,1328045.0,43660.1
PB,2012,9996425.399741098,871396.0,967067.0,1507361.906084946,48255.80969696655,26.90263157894737,213.60000000000002,361361,253726,1409207.0,22501.6
PB,2013,10651626.68825138,950705.0,1048824.0,1761268.77333039,42114.74367652589,26.597322092734938,1461.1999999999998,310872,297395,1459806.0,12521.8
PB,2014,12680618.607145932,1026672.0,1145943.0,2158677.914446,34121.68279108885,26.30234899328859,1571.8000000000002,370136,330585,1474953.883,15418.9
PB,2015,13317037.460555928,1104491.0,1170803.0,2083931.857914826,36586.46344776613,26.648026153466567,770.4000000000001,326463,287805,1465170.0,26460.5
PB,2016,13614014.420919346,1172975.0,1187981.0,1760805.24558,38234.28803150022,26.679591577879243,1158.6000000000001,362119,332362,1460431.0,40501.0
PB,2017,14300820.9117987,1225780.0,1202781.0,1827613.88567,41848.47911689457,26.347836271729747,2321.2,342576,319900,1446414.0,14911.0
PB,2018,14683697.23479859,1280885.0,1240004.0,1727130.94279,47844.62167876591,26.036979804161568,1247.6000000000001,377166,361742,1451307.914,34891.4
PB,2019,14414880.08001898,1339109.0,1293769.0,1650888.2825500001,46890.97205184926,26.568119107840882,2211.0,357769,330461,1441198.5250000001,67667.3
PB,2020,13944376.00775168,1394104.0,1344094.0,1530736.19417,47790.07992623902,,,369192,369045,1392518.4370000002,41485.7
PB,2021,14466972.45947704,1453897.0,1371007.0,1883218.60339,52755.172779309076,,,335845,308712,1447420.545,53852.3
PB,2022,13331963.717467897,1505098.0,1371566.0,1546146.30256,53689.399498510706,,,361010,346881,1368484.346,37267.5
PB,2023,15476573.95553324,1574012.0,1412480.0,1669276.35244,59549.581289080714,,,368101,344634,1278593.1629999997,42912.6
PE,2004,16542134.67837483,968374.0,1705401.0,2141088.870612,76675.82524971926,,,1118503,1008986,2226286.092,118546.9
PE,2005,17408452.040077873,1036969.0,1909468.0,2184178.616073,68463.89967563472,,,1132351,1010270,2311217.261,105421.3
PE,2006,18111170.214767866,1124195.0,2095184.0,2257536.9724449,64295.126774359065,25.800672162333544,1736.2,1135448,1070406,2336169.1169999996,90102.8
PE,2007,19176714.496372573,1240412.0,2219892.0,2390421.8457135498,62204.802919622714,25.39048675148827,2088.7999999999997,1134392,1104999,2611771.0,121962.5
PE,2008,18175465.548954647,1379886.0,2249788.0,2714325.85616,72486.96079567877,25.609049479166668,1626.6,1309192,1167411,2672696.0,96327.8
PE,2009,19009407.91223692,1542236.0,2297366.0,2844835.4206657,67142.18633281245,25.80050314465409,972.6000000000001,1196777,1136561,2573345.0,83223.4
PE,2010,21843239.726693757,1745345.0,2383268.0,3195694.30517582,59826.77239415889,25.958121623175078,1723.6,1103551,936340,2872920.0,95179.6
PE,2011,23349092.976685576,1963742.0,2502156.0,3408260.0434808102,81877.3098252076,25.563134810710988,2909.8,1150366,1069910,2989830.0,85547.9
PE,2012,23089137.40792061,2165637.0,1895642.0,3782716.433450143,86243.82651038826,25.56601450109334,1597.6,1002129,569964,3150897.0,58452.9
PE,2013,22837801.57704516,2355467.0,1823230.0,4321126.54290032,70958.49522738034,25.829777981231402,2452.8,581755,535892,3451378.8000000003,32864.6
PE,2014,24992778.020428643,2523678.0,1920075.0,4877489.67116,64361.78300767826,25.415782740172137,2261.4,881201,782413,3641551.6999999997,29545.4
PE,2015,24400260.93254143,2666071.0,1948357.0,4574805.71028554,64542.39979459229,25.93071048368433,1832.4,840431,614679,3824663.937,44121.3
PE,2016,23217020.294038106,2763073.0,1895185.0,4095573.20149,52943.9307895874,26.01190784060186,1520.3999999999999,858635,584297,3865204.49,40686.7
PE,2017,23040442.181939267,2850622.0,1804876.0,4265773.77476,53232.35798725589,25.895770025525707,2012.0,799091,623815,3746260.2630000003,27953.5
PE,2018,23355466.200479284,2951076.0,1862181.0,4040082.01301,59666.95965530389,25.735915068162626,1534.8,788874,680757,3656633.0,26486.6
PE,2019,24401617.435708128,3065428.0,1937165.0,3983030.42422,62046.943897467005,25.956333523700742,2081.6,747128,592422,3720773.87,44368.1
PE,2020,23115531.058845736,3155558.0,1882153.0,3668037.136,64815.6344725097,,,792490,720780,3595996.0399999996,45991.7
PE,2021,28887554.508190647,3262306.0,2173313.0,4368860.66406,72341.38931112058,,,807500,667445,3976231.6010000003,57345.5
PE,2022,26134179.228611782,3362709.0,2280130.0,3897581.78901,86919.78882057482,,,817089,694196,3827843.6309999996,65523.3
PE,2023,26611322.086775333,3487681.0,2456213.0,4056991.39015,92143.25755590212,,,796509,630478,3800530.3059999994,97412.9
PI,2004,29382988.269366115,262712.0,1830613.0,624532.8527898,184817.7995336358,,,1084632,1032627,181344.0,781391.5
PI,2005,23279707.61732841,292741.0,1826833.0,632518.04762484,140498.27134947537,,,1159464,1147224,206179.0,775313.5
PI,2006,17550320.46911688,330877.0,1838378.0,662065.96914012,114275.66946457526,27.081670929241263,0.0,1169358,1098456,212393.0,436531.1
PI,2007,17911143.279982917,375313.0,1736520.0,703670.175950004,112588.54556638199,29.902285714285718,116.19999999999999,1199610,1174354,229139.0,1175566.5
PI,2008,20473264.550461,432738.0,1750910.0,815732.4303614299,126336.24512186338,27.53048780487805,1647.6000000000001,1200622,1180739,235932.0,457558.4
PI,2009,16335663.88148166,497885.0,1682111.0,848219.92060414,106531.03466978778,26.992636407532594,1981.3999999999999,1280968,1237217,231370.0,375488.9
PI,2010,26685965.376082063,578987.0,1679957.0,963180.21727788,168192.73870869313,28.026623692532233,885.8,1262864,1220790,251424.0,1508627.5
PI,2011,18797688.566743143,666804.0,1688024.0,1002323.38679496,123821.57838012723,27.271319945408464,525.2,1388514,1386117,245272.0,783165.5
PI,2012,37056500.08943464,755670.0,1689926.0,1164707.31710049,235826.97786386043,28.16074434040536,667.9999999999999,1417580,1259127,227822.0,1109166.0
PI,2013,28918363.14220388,849390.0,1666107.0,1249657.66807266,199253.63202684408,28.198146728016358,745.6,1505270,1312656,268597.0,504919.7
PI,2014,27795271.81987557,940426.0,1660099.0,1380393.755865,172648.97202735007,27.596647674572676,1009.8000000000003,1540770,1491554,288925.0,601720.0
PI,2015,25138634.746207032,1016295.0,1649549.0,1368081.88312609,159454.19463087205,28.178420569329663,535.6,1560403,1480523,270795.0,1218505.3
PI,2016,17895174.748293377,1075931.0,1639856.0,1320323.21863,103193.52233568703,28.55455994534897,779.9999999999999,1491070,1343593,237443.0,562591.4
PI,2017,19746447.029965986,1130845.0,1625006.0,1353624.33433,118599.74140012203,27.88280821917808,1139.8,1630546,1594307,209211.0,510330.0
PI,2018,19508262.97408903,1185312.0,1464196.0,1337514.76289,129579.98114804682,28.019499942915857,1558.1999999999998,1650461,1608186,205905.0,560175.5
PI,2019,28858827.700640835,1238056.0,1447817.0,1390030.34796,184311.66911077301,28.078876811594203,1314.9999999999998,1638585,1618462,207942.044,725588.6
PI,2020,33279252.002530504,1277441.0,1431540.0,1324121.44052,193578.0229301884,,,1659140,1654236,191436.85,615003.3
PI,2021,29206966.259747017,1323356.0,1421095.0,1374936.40802,189055.64285788554,,,1764444,1739147,221627.42199999996,965891.9
PI,2022,42550145.54049877,1367915.0,1407772.0,1468262.87611,264831.906221736,,,1887023,1882048,220829.259,677768.9
PI,2023,36481179.36899054,1430077.0,1384189.0,1525112.05655,259110.3463870976,,,2001442,1973449,224390.35199999998,900180.4
PR,2004,71829999.92332953,3125940.0,10278148.0,6818714.84199,51250.36465150752,,,9670002,9662142,8994027.222000001,192336.6
PR,2005,68644087.9694134,3373667.0,10153375.0,6890035.08811,44751.266698767075,,,9501058,9347329,9099824.503999999,128521.59999999999
PR,2006,68493432.40967335,3618680.0,9764545.0,6774217.09611,44082.8799745727,17.168666972056805,735.2,9246533,9035310,9453578.273,163291.2
PR,2007,70118154.69344608,3947227.0,9494843.0,7175540.5022618,37529.47733262936,18.63351036924633,1254.2,9403434,9336223,9836781.0,141019.5
PR,2008,71901554.12189144,4308867.0,9585600.0,7722081.48553572,43668.07573320309,17.348237240677104,1350.0,9810281,9726911,10476307.0,94775.1
PR,2009,67781709.7037526,4636476.0,9562113.0,7774870.732671,35190.76496204232,19.24431256181998,781.4,10073403,9997588,9967165.0,82652.8
PR,2010,70173142.04232864,4993901.0,9411380.0,8649380.1840133,41006.0113124511,18.735596582239854,1068.0,9708216,9708173,10649499.0,97098.40000000001
PR,2011,70932934.68784693,5377272.0,9475676.0,8924969.9974907,38105.285683374015,17.254525614518723,1708.4,9913867,9816821,11058411.0,88577.9
PR,2012,73442340.3351431,5758866.0,9413937.0,9582155.4619337,39305.03259409788,18.29255455712452,1320.8000000000002,10034795,10009301,11356199.215000002,76117.1
PR,2013,77219731.45101744,6136111.0,9395313.0,10259350.4485851,42558.3287934936,17.68977538605522,1409.0,10499661,10305857,11879150.0,67720.7
PR,2014,77584027.0159317,6484482.0,9181577.0,10637473.90539,39822.240528753704,19.28030437352246,1246.6,10714999,10704717,12108057.0,60231.4
PR,2015,79074017.45328651,6714731.0,9314908.0,10642360.047052,38519.078948559516,18.582769689327066,1900.4,10626220,10619322,11867609.65,59900.9
PR,2016,76874054.93077153,6885263.0,9487999.0,10593144.76704,39149.65906806643,18.03485882352941,1748.8000000000002,10732006,10704291,11953546.800999997,103122.1
PR,2017,75013085.56685519,7068296.0,9370139.0,10758952.15927,38453.180635937475,18.361754507628294,1387.0,10658069,10614860,12401714.469999999,100265.2
PR,2018,73393502.34630615,7297923.0,9275271.0,10805295.21881,39804.80629765626,18.379562892350616,1486.1999999999998,10477235,10451016,12725075.502,68652.0
PR,2019,76583822.4946895,7561175.0,8972546.0,11127130.68264,49353.943692627014,18.91013159427041,1447.6,10671580,10639983,12882936.241,99944.6
PR,2020,75405274.08226061,7779327.0,8460084.0,10870255.44963,41789.253126458716,,,10866307,10865644,12815263.175999999,107673.0
PR,2021,79824468.76947415,8022511.0,8084187.0,11277556.9926,47071.268942273055,,,11122224,10988227,13891387.105,110773.4
PR,2022,74715814.67831388,8241942.0,7951680.0,11397895.78099,44255.6502361206,,,11547310,11489689,14368316.433000002,42331.7
PR,2023,77044898.74899754,8484021.0,8774410.0,11909394.92361,33400.41190006097,,,11473566,11464429,14327094.77,32047.3
RJ,2004,46166640.43136058,3003182.0,2064763.0,5786547.691963,9218.351321673577,,,268302,267872,9093214.697000002,16365.199999999999
RJ,2005,50018314.39492731,3152907.0,2092748.0,5844614.518289,8324.388268157962,,,264086,263989,9378177.637,16278.4
RJ,2006,49224171.55069079,3324987.0,2095666.0,5721926.579593,7847.274697930902,,,257134,244654,9140637.143000001,30206.3
RJ,2007,56921705.20025947,3565235.0,2078529.0,6165712.81638386,8694.561134844966,,,219874,219100,9463105.0,35198.2
RJ,2008,66325263.760129206,3838951.0,2144882.0,6543720.62340309,7404.38372158814,,,222319,222308,9443417.0,12195.6
RJ,2009,65176239.193411246,4116433.0,2162043.0,6831918.94941127,8552.503865686038,,,219074,219007,8119517.7,8322.4
RJ,2010,68560666.77161631,4443655.0,2160727.0,7281822.5736610405,9336.383648211671,,,218458,218438,9517035.0,31940.2
RJ,2011,70079669.60891986,4793622.0,2179671.0,7902656.82256546,9929.325587713622,,,192515,192440,8937740.0,30093.7
RJ,2012,75962864.1671865,5157825.0,2197615.0,8286492.12371799,8900.870254571535,,,208847,208737,9073326.0,11310.3
RJ,2013,79649221.59707199,5508418.0,2339978.0,8534008.819296,8450.95756730347,,,188580,188562,9287161.0,7452.5
RJ,2014,76486174.51845911,5849857.0,2379648.0,8825297.322110001,9402.796467242435,,,170898,170600,8809155.0,45371.4
RJ,2015,75986684.41587874,6112562.0,2351451.0,8663521.43564424,10631.860594787602,,,148585,148284,8798102.24,12786.3
RJ,2016,68378871.038811,6298611.0,2409718.0,8056805.38841,6082.02217270507,,,123978,123939,8384824.94,17187.7
RJ,2017,70969635.13435611,6453670.0,2531239.0,7530532.61172,7108.947610394287,22.877087606211543,403.79999999999995,116185,113891,8209542.87,24197.3
RJ,2018,67854042.2443973,6633057.0,2552587.0,6998087.0886699995,8960.050512030037,23.07772576778171,1373.1999999999998,109610,109210,8332276.927000001,4344.1
RJ,2019,68911950.70204616,6851614.0,2533164.0,7086378.92623,6189.360329223627,24.04914368898784,1636.25,113402,113309,7986294.713,19173.2
RJ,2020,66637194.11715207,6984089.0,2605970.0,5884002.68348,8437.685310473633,,,112457,112252,8017199.881999999,17699.2
RJ,2021,74866918.08920923,7184089.0,2674067.0,6142436.05086,5976.220585668941,,,116056,115790,8607811.485,11505.2
RJ,2022,66719762.877654016,7355916.0,2701143.0,6765051.2496299995,8637.94607648925,,,113605,113487,8388971.669,18912.0
RJ,2023,68207188.50990328,7576711.0,2765715.0,7527001.7455400005,8098.963181610107,,,105293,105268,8284247.802,8050.2
RN,2004,8891416.935815625,367353.0,942670.0,868258.40535007,44552.92747381586,,,569510,507498,1019123.4519999999,58562.3
RN,2005,8868473.38929151,403875.0,978494.0,874015.16958363,43801.53497446886,,,458771,432680,1114919.019,74872.7
RN,2006,9006523.750882152,450436.0,1027289.0,922599.73515569,38146.46914896232,26.221763427506982,1263.2,484473,467869,1174941.465,42359.8
RN,2007,8470614.237430386,514246.0,1010238.0,969262.365845216,34235.58319163207,26.091339361401527,1210.6,469986,407964,1254113.0,44876.1
RN,2008,9305327.830571365,580116.0,1029240.0,1050142.02071178,33579.798589752114,26.199863279024726,2409.0,484982,449294,1200488.0,36166.9
RN,2009,8700155.179411214,645348.0,1150028.0,1100018.59373081,26462.3932711365,26.456248569466695,2187.6,497939,441256,1152401.0,38426.1
RN,2010,11055310.98842889,723060.0,1064575.0,1195535.0547626,19071.15026674193,26.781668571428572,558.8,346147,320059,1263275.0,38486.7
RN,2011,10531459.856252462,798369.0,1047797.0,1283310.82584227,29714.083584625176,26.24402566158781,1812.7999999999997,425544,422647,1245089.0,21994.6
RN,2012,10706009.113171808,876524.0,858211.0,1430263.48634553,41407.90604779665,26.35992572181622,1119.2,337166,299922,1238885.0,18310.4
RN,2013,12236395.555744931,953944.0,914777.0,1515886.35550079,39012.133851977516,26.690126489008968,1682.0,327161,271838,1287802.0,15454.0
RN,2014,13427552.798110023,1028234.0,972816.0,1623792.02435,37781.20541530759,26.373680422264876,1621.4,343238,288548,1322792.0,23173.2
RN,2015,12086288.04698705,1093836.0,918952.0,1609589.3154890891,37305.60376826778,26.6623395149786,1284.4,310452,228991,1289427.0,22499.8
RN,2016,10505100.942029351,1164436.0,840847.0,1482512.03886,32535.29912470701,26.764663912880213,999.3999999999999,280160,204136,1248811.0,20173.0
RN,2017,10879709.125991032,1217504.0,870000.0,1463897.09342,36625.97075201412,26.585411680229775,1230.8000000000002,296147,238073,1216382.0,31929.5
RN,2018,10427894.61501437,1268464.0,863284.0,1443137.54026,36439.66976385498,26.49348173515982,931.5999999999999,311030,300196,1207491.0,34716.3
RN,2019,10520492.128617346,1322324.0,929451.0,1447633.05479,39953.253460241656,26.70876712328767,1659.0000000000002,323868,315424,1201375.0,42872.2
RN,2020,12040496.184499642,1365245.0,988134.0,1356757.29531,39478.48252067867,,,327500,317266,1185538.0,38908.9
RN,2021,12809814.614933766,1416189.0,1015835.0,1437843.69548,40046.00443659661,,,296355,262580,1273557.0,30841.1
RN,2022,12145694.641515004,1465216.0,1059926.0,1426273.2655,38463.65250814829,,,318033,303246,1255870.0,28017.7
RN,2023,13215018.982496202,1522387.0,1173351.0,1465573.61104,49498.76924714968,,,338543,306885,1249376.0,31198.3
RO,2004,242541760.3535624,259862.0,10671440.0,847814.613636,401007.6405819759,,,566031,564935,220928.0,3452354.9000000004
RO,2005,231991686.2037705,289350.0,11349452.0,930558.51837591,379254.52265120385,,,609435,600168,238171.0,3680899.6
RO,2006,158943481.1861388,320835.0,11484162.0,932720.019,246863.9534314635,,,604103,594907,231497.0,2127362.0
RO,2007,127546365.28189331,362195.0,11007613.0,937002.580293528,191703.65415875195,26.30624846851262,751.6,593956,575861,271057.0,1907729.7000000002
RO,2008,94422489.64925754,418457.0,11176201.0,1015126.2307737356,135191.11726166337,25.76482887513141,2224.0,622051,596971,300800.0,623775.3
RO,2009,62404191.41337457,480747.0,11532891.0,1352771.47539794,76390.90953151856,25.95914873930141,2628.2,630866,630654,320707.0,243523.1
RO,2010,59959920.16720119,548404.0,11842073.0,1465194.32479111,70974.76330457139,26.68801676785198,1109.0,652066,637285,394081.0,1065666.6
RO,2011,95128694.02799124,619584.0,12182259.0,1250043.50666173,132696.76902783182,25.76331241141931,1783.0,738579,634317,432199.0,326917.4
RO,2012,81125660.2162324,683718.0,12218437.0,1286316.79699672,107990.25456357416,25.851678347473257,2309.8,642024,639215,567555.0,481333.5
RO,2013,89779575.47411989,740099.0,12329971.0,1298011.04243188,123914.05501693899,25.770763920156085,1703.6,586068,576085,598583.0,197708.9
RO,2014,91158231.3191302,796579.0,12744326.0,1352786.383155,124847.58287699685,25.871792372365054,2168.8,577738,573067,552977.0,426841.3
RO,2015,118043561.57468162,843658.0,13397970.0,1369795.24933547,175407.03115092832,27.170398839738944,1724.8,613623,611967,450399.0,920464.5
RO,2016,131983987.03177556,881458.0,13682200.0,1339615.255565,195697.0276230228,26.844777834525026,1981.0,626280,608004,414072.0,788508.2
RO,2017,125135806.47266088,915674.0,14091378.0,1401132.051438,177782.65653521637,27.136709824828635,1917.2000000000003,685672,683098,423850.0,714640.0
RO,2018,114809319.10230362,957522.0,14367161.0,1422703.58268,155656.27972373026,26.583485873458017,2208.6,657384,656737,450439.673,608323.3
RO,2019,149094524.57883665,1000838.0,14349219.0,1456368.100174,225115.3469480898,26.446891849032667,1252.3999999999996,740890,740035,455364.842,890840.8
RO,2020,129241934.220908,1038565.0,14804398.0,1477366.042027,215825.93392622573,,,813919,805371,471414.824,741960.3
RO,2021,152454908.5272387,1078004.0,15110301.0,1617643.20071,238105.47761387215,,,849795,849127,446911.056,764892.7
RO,2022,154964539.72860318,1117046.0,17688225.0,1578217.099291,234097.7325517342,,,961956,961705,485850.766,931114.0
RO,2023,99632560.32222188,1157699.0,18162632.0,1505014.521681,204043.92701011882,,,1081561,1080130,525656.849,429817.3
RR,2004,24162160.017892003,58586.0,459000.0,119863.4506354,43628.45421572276,,,66749,63348,18955.709000000003,94543.7
RR,2005,24035493.494614244,63792.0,507000.0,114156.6570576,43276.47780501719,,,64824,61762,13052.631000000001,69442.4
RR,2006,20780790.58303016,71304.0,508600.0,121857.9489707,36840.34368721311,,,62185,59084,14262.889000000001,88758.7
RR,2007,22294295.589803744,83732.0,481100.0,134588.732437171,38583.09561139535,,,49395,46590,14663.0,151244.1
RR,2008,26264429.885607146,96159.0,476200.0,158626.743039714,43917.14454982898,,,53643,50653,15420.0,108203.6
RR,2009,14010001.275786247,108940.0,475380.0,173809.55998635,24607.20771487423,,,42343,40223,15138.0,90534.0
RR,2010,11866202.54833084,124209.0,577050.0,265672.34564393,19977.414983667033,27.918094924192484,447.0,42193,40111,17101.0,84269.9
RR,2011,10590644.788025886,137755.0,651511.0,206343.39862525,17437.813190606685,27.196971774654326,2110.4,49664,46500,15802.0,43166.8
RR,2012,13033552.531398872,150791.0,686491.0,216725.11413624,22228.848219256637,27.417904328018224,809.6,52154,48359,18643.0,43806.7
RR,2013,22774398.41118604,163741.0,747045.0,241583.67074112,38253.45092052003,27.446855705465357,1554.4,62428,61176,18060.0,56912.6
RR,2014,26245525.65459474,177012.0,735962.0,282537.9363659,54178.98187756944,27.875487396001493,598.0000000000001,60450,59223,20091.0,114242.1
RR,2015,31955252.397917543,188989.0,794783.0,284887.72561914,72078.11547377337,28.225825619929154,26.6,65534,65113,22804.489999999998,117987.3
RR,2016,28755725.343996447,198768.0,780877.0,281019.52755,56310.408567126455,27.97457649205108,1529.7999999999997,64121,61462,26034.0,178876.9
RR,2017,22795787.98046401,207976.0,787318.0,292854.937294,40644.93719253546,27.915216340343243,1222.6,58398,57352,24131.0,57345.1
RR,2018,25182531.155836973,216545.0,817198.0,341991.270508,43496.79075873426,27.41851250845166,1810.6,75980,75815,28663.150999999998,124468.3
RR,2019,37867353.20552919,225799.0,879007.0,584393.576347,68417.78056492314,27.66994292237443,2178.8,81597,81597,22761.917,247923.1
RR,2020,28126537.05221743,235356.0,925109.0,641974.9152299999,41690.68131415415,,,94052,94052,22596.0,65969.7
RR,2021,37726039.92737432,246073.0,937989.0,665098.666361,55280.500733331304,,,123274,123264,22008.323,26436.5
RR,2022,28133594.861717395,258256.0,1133502.0,571104.0082180001,48667.886286444,,,150608,150608,24616.285000000003,36032.1
RR,2023,28627986.022511743,270062.0,1181553.0,457599.23587,53534.501136908,,,175947,175947,30815.674000000003,88220.6
RS,2004,107589636.7525062,3165221.0,14669713.0,6109242.32632,370810.13260287454,,,8370555,8231761,9091191.399,76912.5
RS,2005,95650214.01356956,3347225.0,14239906.0,5758612.02217,271860.81617717305,,,8226591,7465115,8889816.926,50297.1
RS,2006,95662750.77312468,3538050.0,13974827.0,5683227.43473,247637.77997206422,20.05434306569343,1043.4,7959244,7818575,9054032.608,66675.9
RS,2007,89338642.88112152,3777798.0,13516426.0,5940586.74080639,231744.71871512447,19.635717587242894,1501.0,7982391,7965033,9568481.0,42932.2
RS,2008,101557048.33463594,4058817.0,14115643.0,6378693.5701289,281891.8172740837,19.239494051056948,1518.8,8091935,8066724,9873840.0,40441.3
RS,2009,98247902.42423908,4343333.0,14366298.0,6522475.4736947995,224460.9005629516,19.360830758668037,1737.6000000000001,8071101,7989189,9040880.0,47531.6
RS,2010,102330150.26340386,4642095.0,14469307.0,7041865.3771494,299635.70544876653,19.547714285714285,1481.4,7942567,7893089,10166640.292,37220.8
RS,2011,106703069.22961736,4970299.0,14478312.0,7378416.2395617,289284.0600093142,19.1876516365301,1299.6000000000001,8129853,8127158,10594743.0,29893.2
RS,2012,105963730.15804654,5322325.0,14140654.0,7697781.6526222,293817.4609135185,20.429225512528472,1394.4,8270505,7993733,10248188.0,42419.8
RS,2013,117516467.80093548,5677766.0,14037367.0,8160677.4955764,334276.14339290647,19.256709505615376,1381.2,8761460,8720492,10665149.0,26750.2
RS,2014,104737940.41344775,5995598.0,13956953.0,8452462.94786,243150.0362543092,20.554816933638445,1787.4,9048410,9031185,10474837.0,31195.1
RS,2015,104814774.60973594,6222592.0,13737316.0,8396068.2928955,257772.19877319908,20.393974388291788,1853.2,8966521,8941887,9952732.789,21985.1
RS,2016,100614960.80757476,6404074.0,13590282.0,8208930.70505,198233.08078406373,19.568988660032403,1561.4,8934034,8869923,9791927.67,60481.4
RS,2017,100931956.5598594,6593567.0,13353122.0,8289634.11031,242068.26392736202,20.77273769927744,1756.6,9072148,9055832,10178162.81,38049.3
RS,2018,98703890.4424839,6808473.0,12550379.0,8132471.92961,239601.88340543807,19.99234897796049,1446.6,9071071,8995602,10157566.411999999,29037.3
RS,2019,102979807.49253574,7026524.0,11968216.0,8266829.47569,330614.1150598082,20.598298504053897,1542.8000000000002,9220201,9170906,10076824.657000002,56788.0
RS,2020,97159594.95873146,7199950.0,11128019.0,7721538.41399,268050.9586979608,,,9531819,9500873,9338691.597000001,76111.3
RS,2021,114026899.72989792,7377318.0,11056530.0,8163521.71188,361641.22339351167,,,9963356,9954418,10340162.782000002,48651.3
RS,2022,95125934.5505861,7542855.0,11932838.0,8490396.38534,284012.58971782867,,,10567993,10355832,10084066.304000001,54815.2
RS,2023,88515544.66376573,7732638.0,12012219.0,8804738.76523,220550.3317783873,,,10704734,10664286,10089551.065,32598.9
SC,2004,43680233.66178747,1993891.0,3263414.0,3947173.0031,45568.263904064945,,,1837158,1797170,6976756.204,117264.9
SC,2005,42841603.23409397,2176190.0,3376725.0,4020467.36783,43233.28552349236,,,1823602,1741479,7184961.386999999,71817.6
SC,2006,45541852.74427284,2367882.0,3460835.0,4090730.03479,40289.13769550775,21.480677834047526,1108.6000000000001,1793520,1745517,7398104.888,110966.3
SC,2007,43056731.72660041,2595138.0,3488992.0,4118531.29260668,37755.79985430294,21.352074427960776,1413.8,1770711,1757281,7975151.0,50444.4
SC,2008,43789335.82112098,2822731.0,3884264.0,4403930.35351592,39687.4164376587,20.60736890209071,2966.8,1759961,1756048,8374998.0,39316.4
SC,2009,43703015.7527196,3060718.0,3976165.0,4555674.10119247,48792.01816602166,21.09700722394221,1864.6,1731420,1715293,7955067.0,37771.2
SC,2010,45299731.91412495,3318865.0,3985662.0,4915823.22424512,48338.99260261835,20.907225334400366,2073.2,1668183,1665337,8759560.0,37114.8
SC,2011,42435981.40078057,3575659.0,4039217.0,5128776.24517904,37945.19689851674,20.52344196683819,2281.0,1628166,1625025,8968811.0,30092.5
SC,2012,45268204.471527554,3827497.0,4072960.0,5372597.19850203,38600.79519258416,21.39401660133733,1393.0,1564718,1553974,9311846.0,33479.0
SC,2013,49588122.29060644,4075497.0,4201561.0,5646742.5332687,37613.305576171886,20.704994844770304,1601.8,1596595,1592682,9790268.0,30889.5
SC,2014,48687922.56435053,4307440.0,4285931.0,5938357.5555879995,39148.85724510499,21.747801758593127,1530.1999999999998,1622739,1615086,9986131.0,20254.2
SC,2015,47601908.31132504,4474587.0,4382299.0,5839673.24805634,37535.77332614135,21.68045556473504,2278.0,1594041,1581244,9467443.0,14961.2
SC,2016,47567964.55336247,4613688.0,4499505.0,5894846.7444,35439.7306272033,20.77259259259259,1743.6,1577861,1573363,9465885.0,46948.9
SC,2017,48066115.492165744,4777949.0,4302861.0,6026508.08489,36664.42604225459,21.734616702844736,1798.2000000000003,1569090,1548103,9991632.0,40735.6
SC,2018,47316054.63275421,4970403.0,4296052.0,6078239.22611,36472.91031955559,21.292007307604475,1738.6,1517154,1512716,10251563.333999999,27703.0
SC,2019,49855478.45265375,5185799.0,4452571.0,6192158.7838,41971.050570953426,21.81659049360146,1176.2,1509001,1505000,10613889.857000003,38163.8
SC,2020,45767467.89012688,5366263.0,4532618.0,5937784.67114,33149.26299781493,,,1511365,1509824,10577829.521,50372.3
SC,2021,51173243.09393228,5547550.0,4541890.0,6472039.22179,34731.61614143072,,,1573172,1569221,11551373.676000003,49528.5
SC,2022,49057046.12949845,5715763.0,4484105.0,6660804.34548,39136.79030422363,,,1671667,1668620,11581460.620000001,25937.9
SC,2023,46448897.825554565,5911088.0,4540794.0,6872233.21804,29185.64516571651,,,1677831,1667894,11705413.988,24509.7
SE,2004,6141980.421704538,225171.0,929794.0,520035.7891795,19377.806780645733,,,373884,320021,1125699.552,10129.099999999999
SE,2005,6548271.887909802,242325.0,1005177.0,526536.2521137,16084.537451794418,,,367645,361398,1233395.465,11307.8
SE,2006,6792736.869265614,262904.0,1067508.0,534174.2710732,16115.684582525626,27.10254318618042,309.0,432473,376663,1275359.3409999998,11730.5
SE,2007,7464643.30450817,290801.0,1073692.0,602711.794019468,14284.47432411499,26.79317492416583,420.6,403710,390410,1368946.0,8159.200000000001
SE,2008,7899211.039540034,323834.0,1080833.0,661868.688755226,21199.503110907004,26.101949229374434,877.2,409269,398469,1381043.0,12905.4
SE,2009,8261133.07079803,367844.0,1120832.0,697382.3878110109,17069.767975469964,26.72156162286297,511.0,418407,418378,1366615.0,9982.9
SE,2010,8355486.36792736,417532.0,1117765.0,772920.554056149,12577.837825360113,26.820178430858043,1528.8000000000002,435574,433382,1471470.0,5930.6
SE,2011,8574203.066505512,469312.0,1178771.0,810583.006796737,16368.653867767342,26.529070963318482,1408.4,412022,378805,1545676.0,9139.8
SE,2012,8633295.934783503,517646.0,1156157.0,879732.23694434,17268.400111700434,26.48506833712984,1024.6000000000001,379994,292910,1572592.0,8744.1
SE,2013,9061731.86584359,561141.0,1223215.0,914472.170700713,17629.437120831288,26.73263157894737,933.4000000000001,385751,361089,1629443.0,7270.4
SE,2014,8882888.355474858,606189.0,1218972.0,984616.253772,13546.866321887215,26.66761415525114,1345.1999999999998,384523,359618,1595969.0,3172.7
SE,2015,8857927.094288561,643620.0,1231130.0,950060.505818888,12810.903980157469,26.842173764128326,1519.2000000000003,379996,343090,1504383.0,10163.1
SE,2016,8699014.708541946,689875.0,1196248.0,902940.473748,12106.672580224615,26.987659380692165,743.4000000000001,361499,262675,1400256.0,3980.6
SE,2017,8213924.5872754995,719894.0,1067121.0,893082.438368,13515.99145717774,26.59479154636794,619.0,339822,334945,1295733.0,2871.7
SE,2018,8440940.436811488,749770.0,1039346.0,887828.799389,11146.487331616217,26.793812785388127,539.6,279276,159459,1247469.99,3846.8
SE,2019,8215057.786009492,782241.0,1052263.0,895559.104049,12398.790191967773,27.0687899543379,1451.2000000000003,274263,262702,1087413.1409999998,2775.7
SE,2020,8201602.743780416,810903.0,1045507.0,848519.80743,15727.627835375979,,,278043,275690,1044905.02,3039.4
SE,2021,10437318.004635151,844021.0,1090821.0,861476.828339,18168.84590546874,,,298468,286925,1189223.606,5910.0
SE,2022,8168576.277097089,878151.0,1121930.0,947772.871361,20484.320690771456,,,301529,297674,1147825.956,1933.3
SE,2023,9628774.674436588,920535.0,1294262.0,993970.84407,17774.280090515134,,,313278,304631,1146764.8509999998,3880.6
SP,2004,146021891.99440938,13117465.0,13765873.0,25180120.5595,42200.348388458224,,,6478502,6476253,46824546.686000004,123441.20000000001
SP,2005,145157570.72385743,13910465.0,13420780.0,25128008.47013,34441.27958127442,,,6647645,6645687,47953062.72099999,110608.9
SP,2006,144171923.48076034,14903910.0,12790383.0,26030453.38927,33256.215407977325,19.821561435682472,741.0000000000001,6822615,6822339,50029503.546000004,173628.2
SP,2007,151309190.18845114,16160320.0,11790564.0,28631126.1001967,34878.13087665406,20.340826370607758,1539.4,6822416,6820275,53451769.0,146265.8
SP,2008,151665278.12369463,17523709.0,11185556.0,31149645.5666973,30184.721102307176,19.59848432257318,1561.0,7577086,7561284,54032831.0,107217.5
SP,2009,146712177.29026815,18788751.0,11197605.0,31967721.0424515,29009.114451928694,20.210349170005724,1964.4,7635055,7406883,50610669.0,51523.5
SP,2010,154845952.01316452,20157293.0,11197697.0,33753237.8630886,28358.322476922618,20.128762502907655,1833.6000000000001,7811108,7624858,54779982.0,514138.8
SP,2011,163417563.05986983,21555038.0,11024796.0,34570337.519275,28371.135373834226,19.845896760901912,1653.1999999999998,7932815,7886155,55989265.0,250304.0
SP,2012,166395446.93805563,22843057.0,10757383.0,35335768.220203,29035.66797479858,20.510576263434714,1828.8,7942375,7884934,55628351.0,112777.5
SP,2013,170761369.94708097,24080461.0,10486750.0,36824484.412937,33072.966199231,19.926015607069083,1359.6,8128852,8098889,55550416.0,90435.2
SP,2014,166613131.54719907,25207096.0,10148423.0,38008181.3478,31702.99649343872,21.082924263674613,1220.6,8333777,8320378,52253786.0,296907.8
SP,2015,158430567.48936328,26069500.0,10468135.0,37829502.2256626,27834.422528527837,21.078367579908676,1890.6,8479029,8425060,48892879.12,89274.9
SP,2016,149843632.97883388,26772908.0,11031408.0,36601054.1669,22367.403006958015,20.338006194791785,1514.4,8631378,8624268,46507847.0,142631.3
SP,2017,153592900.7372422,27553998.0,11109523.0,36499225.4393,23837.292721789563,20.45809830781628,1619.6,8824386,8820082,47484654.0,233996.6
SP,2018,147823955.591096,28442258.0,10771635.0,37842219.2526,21987.022809259026,19.7414206817749,1033.3,8654621,8650001,48795069.582,161470.8
SP,2019,147384734.1584362,29407908.0,10487012.0,39443871.8996,31146.54934395142,20.549423515981733,1791.4999999999998,8871308,8842804,47635628.823,163680.1
SP,2020,142427706.2126106,30090393.0,10568637.0,34822451.0106,29029.39759153445,,,8863353,8857885,45960241.454,528245.8
SP,2021,149888242.4192902,30719166.0,10718494.0,35646954.8901,27161.410835351548,,,8811248,8795581,51288795.07,532292.7
SP,2022,152431308.88459054,31515743.0,11065605.0,37527059.7245,30864.808428253178,,,9074692,9056594,51455883.828,64946.9
SP,2023,154776232.81666505,32442479.0,10768360.0,39322250.7984,27793.4398715393,,,9216795,9198986,50027115.409,70510.2
TO,2004,61917440.66253219,172998.0,7924546.0,645101.27834961,303902.6252225832,,,548622,541258,111022.195,774779.5
TO,2005,56947947.248624496,202480.0,7961926.0,655605.20965414,262490.70901281724,,,694340,689319,108262.848,866375.8
TO,2006,52503125.28671882,245506.0,7760590.0,674354.42683045,235703.48573796434,26.818741058655224,2064.0,603749,589759,104363.321,454700.5
TO,2007,44219433.26622662,275722.0,7395450.0,805870.38014123,208249.17517377963,27.38877575183519,1616.1999999999998,590994,588620,125249.0,1436615.4
TO,2008,46772189.75061848,307697.0,7392515.0,902289.10007988,216369.55851682785,26.947543617998164,1718.0,653554,649655,140691.0,586334.4
TO,2009,44483069.85807884,340677.0,7605249.0,903932.67868518,202559.93833781753,26.765415043098358,1895.0,619555,613357,154546.0,251940.3
TO,2010,44872110.80833943,381894.0,7994200.0,1024183.7559332,200180.52251898783,27.776828989483313,1769.1999999999998,669974,665797,205812.0,1830522.8
TO,2011,44885461.37868205,422661.0,8025400.0,1067869.4625683,212916.54799335948,26.97765534913517,1540.0,712276,712276,232439.0,551663.3
TO,2012,55314213.58701597,464635.0,8082336.0,1183619.75087412,285246.64156712586,27.14491525423729,1217.2,737451,737033,238127.0,1103382.4
TO,2013,65699347.19761991,506801.0,8140580.0,1291890.5401298,401673.23213867185,27.64789681026814,1562.0,839562,839223,275500.0,489696.3
TO,2014,59116179.48717386,548474.0,8062227.0,1387372.943006,327938.4806157045,27.041976608187134,1594.4,1038966,1037140,308819.0,708339.2
TO,2015,63567866.07087045,585744.0,8412404.0,1382477.5293134,298787.96528517467,27.660522751895993,1041.8000000000002,1203703,1203553,316715.0,861357.2
TO,2016,56644452.48272732,609055.0,8652161.0,1319106.967058,235299.26618489373,27.725985054347827,562.1999999999999,1232549,1200125,290044.0,835761.6
TO,2017,53437796.96086264,631493.0,8738477.0,1407115.090438,203924.78515714107,26.635457012458367,1337.9,1282545,1282462,295576.0,1069284.7
TO,2018,54706052.220899045,657648.0,8352513.0,1437218.659233,207522.52281411123,26.223601598173516,1665.3,1361447,1361419,344634.303,353442.8
TO,2019,58412571.12682642,686551.0,8480724.0,1514456.531913,251792.5479609188,26.497580881921202,1395.9,1427218,1426906,324429.666,778608.2
TO,2020,56669772.946212806,715290.0,9129804.0,1610306.269086,232589.1225847591,,,1544996,1544660,325743.81999999995,726708.8
TO,2021,52967157.03872103,748594.0,10161938.0,1697142.991421,199639.48786915262,,,1736410,1734385,374105.8070000001,504688.9
TO,2022,65002932.883404,783558.0,10772509.0,1767211.099275,226607.40469293206,,,1885158,1873313,424479.07000000007,626374.9
TO,2023,88702881.56467251,823110.0,11313309.0,1823804.729117,344652.6622388492,,,2152343,2151789,456683.287,444361.0
